ICAOaddr,Lat,Lon,Heading,Alt,Speed,Squawk,Tailnr,Type,Reg,unk0,Src,Dest,Flightnr,unk1,unk2,Callsign,unk3,Airline
"",49.17,10.10,279,45000,450,"3206","F-LOWS2","LJ45","",1618579745,"","","",0,-64,"LJ45",0,""
"3C670E",53.18,3.70,129,43000,496,"0516","F-EGLK2","A359","D-AIXN",1618579744,"LAX","MUC","LH453",0,0,"DLH453",0,"DLH"
"48B9C9",48.85,-6.61,182,41000,456,"2017","T-MLAT1","BE40","SP-OOK",1618579742,"DUB","","",0,0,"SAH51P",0,""
"48C12E",52.13,4.47,92,41000,436,"2007","F-EHTW4","B738","SP-RKO",1618579742,"LTN","KRK","FR1813",0,0,"RYR9BT",0,"RYR"
"484B8F",49.91,13.08,111,41000,436,"1000","F-EDMO1","B737","PH-BGH",1618579744,"AMS","BUD","KL1977",0,0,"KLM1977",0,"KLM"
"AA3086",51.60,-1.74,98,40975,495,"1152","F-EGGW2","B744","N756CA",1618579740,"CVG","HHN","N8606",0,0,"NCR606",0,"NCR"
"06A2E7",49.13,2.15,107,40975,486,"7242","F-EGKK2","B789","A7-BHD",1618579744,"LHR","DOH","QR8865",0,0,"QTR41AG",0,"QTR"
"A0FA8B",52.59,-8.24,278,40175,447,"6303","F-EIKN2","GLEX","N162QS",1618579744,"NHT","","",0,1088,"N162QS",0,"EJA"
"76CDA8",51.87,3.00,262,40050,492,"3107","F-EGKA3","A359","9V-SMH",1618579744,"SIN","LHR","SQ308",0,-640,"SIA308",0,"SIA"
"4AC999",53.43,13.17,201,40000,434,"3114","F-ESMT5","H25B","SE-RLY",1618579745,"BMA","","",0,0,"GFM6Y",0,"GFM"
"",49.54,6.82,273,40000,458,"1000","F-EDLW2","","",1618579744,"","","",0,0,"BLOCKED",0,""
"4BA9CB",53.04,2.22,281,40000,470,"3221","F-EGSH3","A333","TC-JNK",1618579745,"IST","MAN","TK1995",0,0,"THY2AL",0,"THY"
"86E4DA",54.18,4.02,207,40000,497,"2254","F-EGNV2","B789","JA868J",1618579745,"HND","LHR","JL43",0,0,"JAL43",0,"JAL"
"06A0E6",54.00,-13.90,270,40000,444,"7543","F-EINN2","A359","A7-AMG",1618579731,"DOH","BOS","QR743",0,0,"QTR6EB",0,"QTR"
"4853F4",52.15,1.34,75,39750,426,"6251","F-EGYM1","E75L","PH-EXJ",1618579745,"ORK","AMS","KL1088",0,-2304,"KLM1088",0,"KLM"
"4BCDE7",49.91,11.23,96,39225,444,"7706","F-EDVM1","B738","TC-SOG",1618579745,"FRA","ADB","XQ971",0,1216,"SXS2RM",0,"SXS"
"4B17E6",49.48,1.50,138,39100,454,"2016","F-LFOV1","BCS1","HB-JBI",1618579740,"LHR","ZRH","LX333",0,512,"SWR30K",0,"SWR"
"4B188A",49.09,-3.61,96,39000,461,"5221","F-EGOV2","A333","HB-JHQ",1618579743,"PUJ","ZRH","WK35",0,0,"EDW35Y",0,""
"484B92",50.64,7.41,166,39000,443,"1000","F-EDDV5","B737","PH-BGL",1618579742,"AMS","MXP","KL1631",0,64,"KLM1631",0,"KLM"
"89653E",50.21,10.87,117,39000,486,"0161","F-EDRZ1","B78X","A6-BMG",1618579742,"AMS","AUH","EY78",0,-64,"ETD53S",0,"ETD"
"405F31",52.05,7.21,96,39000,454,"2003","F-EHWO3","B763","G-DHLF",1618579742,"EMA","LEJ","D0981",0,0,"DHK981",0,"DHK"
"896408",49.21,13.64,119,39000,488,"7501","F-LKPD5","B789","A6-BLC",1618579745,"LHR","AUH","EY20",0,0,"ETD20",0,"ETD"
"4D22E7",50.51,5.26,147,39000,414,"3160","F-EDDV5","","",1618579745,"RTM","","",0,0,"HYP032",0,""
"896539",49.75,12.10,118,39000,487,"1176","F-EDDV5","B789","A6-BNB",1618579745,"MAN","AUH","EY22",0,0,"ETD43U",0,"ETD"
"A14BDD",54.15,-4.86,106,39000,498,"6255","F-EGGP1","B789","N183AM",1618579745,"MEX","AMS","AM25",0,-64,"AMX025",0,"AMX"
"8964FE",48.88,7.24,115,38975,494,"0643","F-LFLA3","B78X","A6-BMC",1618579745,"CDG","AUH","EY38",0,-64,"ETD57C",0,"ETD"
"800736",49.69,12.41,104,38975,488,"1175","F-EDMO1","B788","VT-ANP",1618579744,"LHR","BOM","AI130",0,0,"AIC130",0,"AIC"
"A254DA",51.31,-11.97,261,38975,460,"2533","F-EIKY3","B789","N24976",1618579722,"FRA","ORD","UA906",0,64,"UAL906",0,"UAL"
"A15EBC",51.63,-5.86,267,38025,445,"4424","F-EGHD3","B763","N188DN",1618579743,"BRU","JFK","DL3455",0,-64,"DAL3455",0,"DAL"
"40768A",53.00,-2.92,2,38025,397,"5237","F-EGLK2","A20N","G-UZHV",1618579745,"BRS","INV","U2393",0,0,"EZY684D",0,"EZY"
"48AE07",50.16,-6.11,253,38000,475,"7542","F-EINN4","B788","SP-LRH",1618579743,"WAW","PUJ","LO9003",0,64,"LOT9003",0,"LOT"
"4CAA61",49.42,7.43,308,38000,445,"0606","F-EDRZ1","B738","EI-EXF",1618579742,"ATH","STN","FR14",0,0,"RYR66TH",0,"RYR"
"3C6750",50.42,12.94,272,38000,444,"1000","F-LKPO1","A320","D-AIZP",1618579744,"WAW","FRA","LH1349",0,0,"DLH8HR",0,"DLH"
"3944F3",49.86,8.96,265,38000,448,"1000","F-ETID1","A319","F-GRHT",1618579745,"OTP","CDG","AF1889",0,0,"AFR33GX",0,"AFR"
"4D21FD",49.23,11.55,295,38000,437,"3112","F-LKPM1","B738","9H-QAM",1618579744,"OTP","STN","FR1008",0,0,"RYR8WN",0,"RYR"
"3C6441",48.84,12.55,297,38000,438,"1000","F-LKPR9","A319","D-AIBA",1618579745,"BUD","FRA","LH1339",0,0,"DLH2FR",0,"DLH"
"3C656E",52.42,-6.83,280,38000,436,"0134","F-EGNS2","A333","D-AIKN",1618579742,"FRA","BOS","",0,0,"DLH7CF",0,"DLH"
"4CA757",48.64,10.44,337,38000,460,"1000","F-EDMO1","A320","EI-DSY",1618579744,"FCO","AMS","AZ110",0,0,"AZA74F",0,"AZA"
"449825",49.27,1.48,67,38000,465,"2360","F-EGLL2","FA7X","OO-FAE",1618579745,"BES","","",0,0,"BAF99",0,"BAF"
"4CA849",51.12,9.84,296,38000,451,"3115","F-EDVK1","B738","EI-EMA",1618579745,"OTP","DUB","FR7347",0,0,"RYR35QU",0,"RYR"
"39CF02",50.76,-12.43,279,38000,432,"5645","F-EINN4","","",1618579743,"","","",0,0,"AFR688",0,""
"40775C",52.27,7.80,265,38000,440,"3116","F-EDLW2","B738","G-RUKA",1618579744,"KBP","STN","RK3678",0,64,"RUK3678",0,"RYR"
"4B1A67",48.62,3.43,322,38000,427,"5736","F-LFSR3","A320","HB-JZZ",1618579745,"GVA","LGW","U28475",0,-64,"EZS59JC",0,"EZY"
"4B1A27",49.77,9.36,8,37975,413,"6706","F-EDDL2","A320","HB-JXN",1618579743,"BSL","CPH","U21151",0,64,"EZS28AB",0,"EZY"
"4BB26B",51.50,1.37,277,37975,441,"3246","F-EHEH2","A21N","TC-LSK",1618579744,"IST","DUB","TK1977",0,64,"THY99D",0,"THY"
"C02EC1",52.76,-10.60,276,37975,452,"0630","F-EIBN1","B789","C-FRSI",1618579743,"FRA","YUL","AC7213",0,0,"ACA7213",0,"ACA"
"3C6756",52.70,3.84,297,37950,447,"0627","F-EGSC2","A320","D-AIZV",1618579745,"DUS","MAN","EW9344",0,64,"EWG47U",0,"EWG"
"3C6562",52.83,-11.73,276,37825,411,"2543","F-EICD1","A333","D-AIKB",1618579745,"FRA","IAD","LH418",0,896,"DLH418",0,"DLH"
"86E3EC",51.49,11.05,222,37150,485,"2276","F-LKPD5","B789","JA861J",1618579745,"NRT","FRA","JL407",0,-2048,"JAL407",0,"JAL"
"89610C",53.29,-2.16,97,37000,462,"2257","F-EGGP1","B77W","A6-ECE",1618579744,"DUB","DXB","EK162",0,0,"UAE162",0,"UAE"
"3C70C2",51.36,0.92,103,37000,466,"1161","F-EGKK1","B77L","D-ALFB",1618579744,"DFW","FRA","LH8201",0,0,"GEC8201",0,"GEC"
"06A122",50.72,-12.09,279,37000,433,"2754","F-EINN4","A35K","A7-ANF",1618579742,"DOH","JFK","",0,0,"QTR7HK",0,"QTR"
"440806",49.37,6.47,153,37000,334,"0151","F-EDRZ1","C510","OE-FPP",1618579745,"GRQ","LIN","",0,0,"GAC749R",0,"GAC"
"3986ED",52.40,5.03,17,37000,432,"0647","F-EGMC3","E170","F-HBXN",1618579744,"CDG","OSL","AF1774",0,-64,"AFR23PJ",0,"AFR"
"44082D",49.36,13.23,119,37000,450,"5245","F-EPWR6","E195","OE-LWQ",1618579738,"MAN","VIE","OS464",0,-64,"AUA4PG",0,"AUA"
"8960D6",51.22,7.94,116,37000,470,"0162","F-EDKA3","B77W","A6-EBO",1618579740,"AMS","DXB","EK9744",0,0,"UAE9744",0,"UAE"
"8960E0",53.00,0.69,109,37000,477,"2265","F-EGYM1","B77W","A6-EBY",1618579745,"MAN","DXB","EK18",0,0,"UAE18",0,"UAE"
"484416",49.64,12.85,118,37000,470,"0154","F-EPWR5","B772","PH-BQM",1618579743,"AMS","DXB","KL427",0,0,"KLM427",0,"KLM"
"424568",53.14,13.32,78,36975,444,"0716","F-EDOP1","A333","VQ-BPJ",1618579744,"LHR","SVO","SU2579",0,0,"AFL2579",0,"AFL"
"A2A3B5",51.71,-5.39,267,36975,468,"2514","F-EICD1","B789","N26966",1618579739,"FRA","IAH","UA47",0,-64,"UAL47",0,"UAL"
"A05646",50.98,1.36,108,36975,489,"1164","F-EGTR2","B78X","N12010",1618579745,"EWR","TLV","UA90",0,-128,"UAL90",0,"UAL"
"49D0C2",50.04,11.39,99,36850,426,"1165","F-LKKV3","BE4W","OK-PFY",1618579745,"NCL","","",0,-1024,"TIE307F",0,"TIE"
"A05626",52.05,-13.57,267,36000,445,"2554","F-EIKY3","B78X","N12003",1618579743,"FRA","IAD","UA988",0,0,"UAL988",0,"UAL"
"3965A3",52.45,5.57,215,36000,501,"3533","F-EBKT2","B77W","F-GZND",1618579745,"NRT","CDG","AF275",0,0,"AFR275",0,"AFR"
"471F68",50.88,10.11,286,36000,468,"3111","F-EDDV5","A321","HA-LXG",1618579745,"BUD","LTN","W62205",0,-64,"WZZ37",0,"WZZ"
"AA28F2",52.39,-6.67,280,36000,445,"2503","F-EGHD3","B772","N754AN",1618579742,"FRA","ORD","AA9818",0,0,"AAL9818",0,"AAL"
"4BA95A",50.33,11.69,285,36000,488,"3266","F-EDJA3","","",1618579742,"","","",0,0,"THY3UM",0,""
"4D2233",51.45,9.23,250,36000,449,"1111","F-EHKD2","B738","9H-QBY",1618579744,"BER","LIS","FR1142",0,-64,"RYR68YD",0,"RYR"
"",51.12,0.54,260,36000,476,"4427","F-EGSC2","CL35","",1618579745,"","","",0,0,"CL35",0,""
"",53.03,7.23,243,36000,450,"1132","F-EDDG2","E55P","",1618579745,"","","",0,0,"E55P",0,""
"AA9093",51.32,-5.18,280,36000,463,"6315","F-EGFE5","B772","N780AN",1618579743,"LHR","PHL","AA729",0,0,"AAL729",0,"AAL"
"46B821",49.79,6.72,307,35950,451,"3120","F-EDRZ1","A21N","SX-NAA",1618579745,"ATH","LHR","A3602",0,0,"AEE2EG",0,"AEE"
"471F84",50.01,9.55,107,35800,433,"7663","F-LKPR8","A320","HA-LYI",1618579743,"HHN","VAR","W64542",0,1216,"WZZ204",0,"WZZ"
"4B17E1",50.63,9.15,186,35000,418,"1107","F-EDOP1","BCS1","HB-JBD",1618579744,"HAM","ZRH","LX1057",0,64,"SWR109A",0,"SWR"
"06A066",51.29,-0.04,108,35000,474,"5212","F-EGLL2","B77L","A7-BBA",1618579745,"ORD","DOH","QR724",0,0,"QTR7CB",0,"QTR"
"4CA293",51.82,-5.25,282,35000,437,"5665","F-EGTR2","A320","EI-DEM",1618579745,"LHR","ORK","EI715",0,0,"EIN715",0,"EIN"
"4D0113",52.03,-4.26,99,34975,482,"1142","F-EGFH2","B748","LX-VCJ",1618579744,"JFK","LUX","",0,0,"CLX69Z",0,"CLX"
"4402FF",48.95,12.84,309,34575,387,"1000","F-EDJA3","C25B","OE-GMB",1618579742,"LNZ","","",0,1536,"MOZ309",0,"MOZ"
"",51.05,2.52,103,34550,293,"0510","T-MLAT1","C525","",1618579744,"","","",0,960,"C525",0,""
"885106",48.60,12.07,111,34500,494,"7660","F-EDMO1","A359","HS-THF",1618579744,"FRA","BKK","TG921",0,768,"THA921",0,"THA"
"503DBF",50.40,8.26,248,34000,457,"0504","F-EDVM1","A320","LY-NVV",1618579745,"VNO","TFS","X9531",0,0,"NVD531",0,"NVD"
"06A2B0",49.03,-8.22,272,34000,447,"7517","F-EICK1","B77W","A7-BEL",1618579743,"DOH","IAD","QR707",0,0,"QTR04C",0,"QTR"
"4BB154",53.88,-6.71,280,34000,454,"3275","F-EGPK1","B77L","TC-LJT",1618579745,"ISL","JFK","TK6663",0,0,"THY6663",0,"THY"
"3965A9",50.69,-11.78,280,34000,441,"5644","F-EICK1","","",1618579743,"","","",0,0,"AFR054",0,""
"3965A1",49.90,-6.11,284,34000,457,"0650","F-EGHH3","B77W","F-GZNB",1618579744,"CDG","JFK","AF6",0,0,"AFR006",0,"AFR"
"C01755",52.04,-6.48,272,34000,466,"2523","F-EIBN1","B77W","C-FIVS",1618579744,"FRA","YYZ","AC7211",0,0,"ACA7211",0,"ACA"
"C0293E",51.28,5.73,297,33575,496,"2536","F-EDLW2","B789","C-FPQB",1618579741,"FRA","ATL","AC7237",0,1088,"ACA7237",0,"ACA"
"06A30B",50.53,-10.50,281,33000,440,"3502","F-EIBN1","B77L","A7-BFX",1618579744,"LUX","ATL","QR8141",0,0,"QTR8141",0,"QTR"
"781A4B",52.79,12.46,83,33000,452,"0173","F-EDVE2","B77L","B-220F",1618579741,"AMS","SZX","CK208",0,0,"CKK208",0,"CKK"
"51011A",51.35,12.03,66,33000,434,"7651","F-LKPM1","E195","EW-532PO",1618579744,"FRA","MSQ","B2894",0,0,"BRU894",0,"BRU"
"04008D",51.88,10.78,76,33000,458,"7101","F-EDHK2","B77L","ET-ARK",1618579743,"LGG","PVG","ET3778",0,0,"ETH3778",0,"ETH"
"867F8A",50.56,4.06,177,32625,483,"3514","F-EGKK1","B77W","JA732J",1618579738,"HND","CDG","JL45",0,-2304,"JAL45",0,"JAL"
"4843F2",53.74,-6.22,276,32000,458,"2120","F-EICM2","B772","PH-BQO",1618579741,"AMS","MEX","KL685",0,0,"KLM685",0,"KLM"
"3C4B24",51.42,-10.43,263,31975,453,"2550","F-EICD1","B748","D-ABYD",1618579745,"FRA","MEX","LH498",0,0,"DLH498",0,"DLH"
"4078B8",51.54,-3.66,269,31950,488,"6305","F-EGFH2","A35K","G-XWBE",1618579744,"LHR","MIA","BA209",0,1408,"BAW209",0,"BAW"
"406A9F",50.41,1.58,312,31000,433,"0513","F-EGTR2","B788","G-ZBJH",1618579742,"DXB","LHR","BA104",0,-1920,"BAW104",0,"BAW"
"040156",51.37,7.88,61,31000,440,"7111","F-EDDF5","B77L","ET-AVN",1618579745,"LGG","CAN","ET3606",0,0,"ETH3606",0,"ETH"
"394A65",52.79,8.48,209,30975,415,"1135","F-EDLI1","A3ST","F-GSTF",1618579744,"XFW","TLS","",0,0,"BGA131F",0,"BGA"
"39C427",49.16,0.50,273,30925,497,"5643","F-EGLC3","B789","F-HRBH",1618579743,"CDG","BOS","AF334",0,1216,"AFR334",0,"AFR"
"424323",49.97,10.41,100,30900,452,"7647","F-EDJA1","B744","VP-BCI",1618579744,"HHN","","U39306",0,1088,"SAY9306",0,"SAY"
"3951C1",50.79,4.12,193,30850,466,"3510","F-EBOS1","B77L","F-GUOB",1618579743,"NRT","CDG","AF6725",0,-832,"AFR6725",0,"AFR"
"4CA61E",51.79,2.88,280,30325,455,"6620","F-EGSH3","B738","EI-DWR",1618579744,"PRG","STN","FR1014",0,-3520,"RYR9SC",0,"RYR"
"4CA9BA",52.99,-7.67,249,29850,427,"3607","F-EGAB2","A21N","EI-LRA",1618579743,"DUB","BOS","EI133",0,1152,"EIN13J",0,"EIN"
"4D00F6",49.30,8.77,279,29675,442,"3201","F-EDDM2","B738","LX-LGU",1618579740,"DXB","LUX","LG9002",0,-1024,"LGL9002",0,"LGL"
"491185",50.69,-1.65,211,29250,438,"5242","F-EGLF2","F2TH","CS-DLE",1618579742,"FAB","TFS","",0,1536,"NJE693M",0,"NJE"
"40756F",53.58,-3.83,129,29000,410,"1427","F-EGGW2","A320","G-EZGY",1618579739,"BFS","STN","U2264",0,0,"EZY264",0,"EZY"
"45CA65",48.77,2.87,195,29000,296,"2134","F-LFLA3","PC12","OY-RSE",1618579745,"AMS","","",0,64,"OYRSE",0,"CAT"
"C038AC",49.21,0.17,279,28975,504,"0652","F-EGLL2","B789","C-FVLZ",1618579744,"CDG","YUL","AC871",0,64,"ACA871",0,"ACA"
"06A1E6",50.59,6.60,277,28775,475,"3204","F-EDKA1","B77L","A7-BFI",1618579740,"DOH","BRU","QR8245",0,-1856,"QTR83UV",0,"QTR"
"C01074",51.73,-2.85,278,28125,464,"1414","F-EGNS1","B789","C-FGFZ",1618579744,"LHR","YYZ","AC857",0,1216,"ACA857",0,"ACA"
"401087",52.27,8.35,266,28100,303,"1105","F-EDVK1","BE20","G-MEGN",1618579745,"BER","","",0,0,"CBM88",0,"CBM"
"AE0598",52.57,7.52,186,27949,412,"0717","T-MLAT1","K35R","59-1521",1618579744,"AAH","","",0,0,"",0,"RCH"
"71C252",49.40,10.97,293,27325,436,"1000","F-LKPM1","B77L","HL8252",1618579744,"BUD","FRA","KE543",0,-1152,"KAL543",0,"KAL"
"",52.07,-5.12,146,27000,480,"1415","F-EICD1","GLF6","",1618579745,"","","",0,0,"GLF6",0,""
"471F36",51.36,6.77,104,26300,387,"1000","F-EHBK1","A21N","HA-LVI",1618579745,"EIN","OTP","W63072",0,1792,"WZZ9MX",0,"WZZ"
"3C5EFA",52.32,12.09,273,26000,379,"1137","F-EDCG2","A319","D-AGWZ",1618579745,"BER","DUS","EW8044",0,0,"GWI6AX",0,"EWG"
"3C5EE3",52.04,7.73,218,25625,418,"3526","F-EDKA3","A319","D-AGWC",1618579743,"ARN","DUS","EW9213",0,-1536,"EWG9PM",0,"EWG"
"44AAE2",49.10,6.44,2,24000,261,"5774","F-LFSF1","PC12","OO-JWB",1618579743,"SIR","","",0,0,"OOJWB",0,"JNL"
"8964C1",50.56,5.77,115,24000,400,"7152","F-EHBK1","B789","A6-BLQ",1618579745,"BRU","AUH","EY58",0,-64,"ETD98V",0,"ETD"
"407834",50.37,-1.09,24,23825,328,"7463","F-EGJB2","A20N","G-UZLH",1618579744,"GIB","LGW","U28902",0,-1536,"EZY74YX",0,"EZY"
"",52.70,9.30,131,23700,238,"1330","F-EDWI3","C510","",1618579745,"","","",0,2112,"C510",0,""
"392AF5",49.07,3.35,82,23250,347,"0653","F-LFOZ1","A320","F-GKXV",1618579743,"CDG","OSR","AF364V",0,2688,"AFR364V",0,"AFR"
"3D5501",52.99,8.30,181,23025,284,"1120","F-EDDV4","TBM9","D-FELD",1618579744,"GWT","","",0,64,"DFELD",0,""
"",49.57,7.87,143,23000,391,"2516","F-EDRZ1","C68A","",1618579745,"","","",0,448,"C68A",0,""
"502C22",50.36,9.03,197,23000,265,"1000","T-MLAT1","SF34","YL-RAE",1618579744,"RIX","","",0,0,"MTL828P",0,"MTL"
"",50.23,1.15,314,22675,470,"5727","F-EBKT2","F2TH","",1618579745,"","","",0,-2176,"F2TH",0,""
"3D7F46",53.21,9.66,196,22475,211,"1134","F-EDHK1","PC12","D-FULI",1618579744,"HAM","","",0,1280,"DFULI",0,""
"3986E8",49.11,3.85,84,22375,373,"1000","F-LFSR3","E170","F-HBXI",1618579745,"CDG","DUS","AF1406",0,1280,"AFR57TJ",0,"AFR"
"44CCC3",50.01,3.52,206,22375,454,"7141","F-LFPC1","A333","OO-SFC",1618579742,"BRU","DLA","SN369",0,896,"BEL369",0,"BEL"
"407512",50.48,1.32,306,22275,399,"6651","F-EGMD1","B789","G-TUIM",1618579742,"MUC","LGW","BY8868",0,-1728,"TOM8868",0,"TUI"
"",49.32,11.15,178,22075,397,"6336","F-LKPR8","","",1618579743,"","","",0,-2496,"BLOCKED",0,""
"43EDE1",49.64,-1.74,349,22000,270,"5522","T-MLAT1","","",1618579742,"IBZ","","",0,0,"2DEWS",0,""
"3D68E2",50.40,11.56,191,22000,240,"6325","T-MLAT1","P46T","D-FLYW",1618579744,"LEJ","","",0,0,"DFLYW",0,""
"3C658D",49.62,9.92,295,21900,424,"1000","F-EDRZ1","A319","D-AILM",1618579739,"BEG","FRA","LH1407",0,-1472,"DLH3ME",0,"DLH"
"600B21",49.90,7.73,76,21775,407,"3507","F-EDDL2","B744","4K-SW888",1618579744,"LUX","GYD","7L262",0,1472,"AZG262",0,"AZG"
"AE0693",49.97,9.29,244,21528,416,"3105","T-MLAT1","K35R","63-8004",1618579742,"RMS","","",0,-896,"NACHO71",0,"RCH"
"48548C",52.09,5.62,125,21175,396,"3144","F-EHGG3","E75L","PH-EXK",1618579744,"AMS","BLQ","KL1591",0,1792,"KLM73C",0,"KLM"
"480C03",52.79,0.19,278,20949,310,"3310","T-MLAT1","C130","G-273",1618579742,"CBG","","",0,0,"NAF21",0,"NAF"
"3950CB",53.43,-5.41,87,20500,359,"6316","F-EIDW4","A318","F-GUGL",1618579742,"DUB","CDG","AF1817",0,3072,"AFR84UW",0,"AFR"
"44CCC5",50.36,3.69,203,20175,433,"7121","F-EHBK1","A333","OO-SFE",1618579745,"BRU","ABJ","SN319",0,1344,"BEL319P",0,"BEL"
"3D6275",49.69,8.25,157,20075,260,"1244","F-LFSN1","PC12","D-FJNP",1618579743,"ESS","","",0,-704,"DFJNP",0,""
"3D6FB7",50.74,7.74,148,19850,184,"3722","F-EHTW4","PC12","D-FOOD",1618579745,"CGN","","",0,1536,"DFOOD",0,""
"",51.10,-1.29,24,19775,241,"4224","F-EGLL2","E50P","",1618579745,"","","",0,896,"E50P",0,""
"",49.35,10.25,217,19575,355,"6477","F-EDDS4","C25M","",1618579743,"","","",0,-2048,"C25M",0,""
"4D00D6",50.13,5.76,315,19450,305,"3501","F-EDDL2","DH8D","LX-LQB",1618579744,"LUX","LCY","LG4595",0,1856,"LGL4595",0,"LGL"
"51007F",51.62,0.73,42,19200,379,"2020","F-EGLL2","E195","EW-399PO",1618579745,"LGW","MSQ","B2852",0,1600,"BRU852",0,"BRU"
"4075FF",52.73,-1.72,144,19000,360,"7651","F-EGNR5","A21N","G-NEOR",1618579742,"MAN","LHR","BA1391",0,0,"SHT3U",0,"BAW"
"3986EB",50.12,13.35,276,18950,342,"1000","F-LKVO1","E170","F-HBXL",1618579745,"PRG","CDG","AF1083",0,1856,"AFR59LD",0,"AFR"
"3C65C3",50.34,9.35,246,18500,368,"1171","F-EDDF6","A20N","D-AINC",1618579744,"KBP","FRA","LH1491",0,-1280,"DLH1491",0,"DLH"
"C011B6",52.14,-1.35,139,18425,397,"6327","F-EGDY3","B763","C-FGSJ",1618579744,"CVG","LHR","W8985",0,-1600,"CJT985",0,"CJT"
"8964A3",49.56,9.05,125,18050,378,"7710","F-LFST3","B77W","A6-EQK",1618579745,"FRA","DXB","EK46",0,2944,"UAE46",0,"UAE"
"4073DF",54.09,-4.62,319,17925,273,"2011","F-EGPF4","AT76","G-IACY",1618579745,"SOU","BHD","T3844",0,-512,"EZE94S",0,"EZE"
"4BCCAF",52.26,10.46,121,17100,340,"1127","F-EDWI3","B738","TC-SEO",1618579745,"HAJ","ADB","XQ975",0,3328,"SXS7U",0,"SXS"
"3CE25A",52.17,-0.51,94,17025,284,"0520","T-MLAT1","SW4","D-CNAG",1618579744,"BHX","ESS","",0,0,"BID2A",0,""
"4852F5",52.27,6.16,304,16775,331,"1000","F-EBAW1","E75L","PH-EXH",1618579744,"ZAG","AMS","KL1942",0,-2368,"KLM1942",0,"KLM"
"40749A",51.59,-1.74,284,16575,424,"4220","F-EIWF1","B789","G-ZBKS",1618579744,"LHR","DFW","BA193",0,1344,"BAW31F",0,"BAW"
"3D1A9A",51.84,7.37,235,16000,162,"1136","T-MLAT1","PA46","D-EIIC",1618579744,"SZW","","",0,0,"DEIIC",0,""
"AC34A0",50.96,6.36,224,15275,381,"1000","F-ETAD1","B77L","N886FD",1618579741,"HKG","LGG","FX5217",0,-1728,"FDX5217",0,"FDX"
"3C6586",50.20,8.82,249,15200,365,"1000","F-EDRZ1","A319","D-AILF",1618579745,"MSQ","FRA","LH1487",0,-960,"DLH1487",0,"DLH"
"3E4E41",50.62,9.43,199,13975,317,"1110","F-EDDE2","C510","D-IUVH",1618579738,"KEL","","",0,-1472,"DIUVH",0,""
"4042E2",51.25,-1.82,257,13300,116,"0033","T-MLAT1","C208","G-BZAH",1618579746,"BZZ","","",0,192,"GBZAH",0,""
"3D8FDF",49.33,12.08,135,13024,134,"6361","T-MLAT1","PA30","D-GAST",1618579742,"NUE","","",0,0,"DGAST",0,""
"4CAAD7",53.02,-7.47,49,13000,292,"3602","F-EIKK1","AT76","EI-FAS",1618579745,"KIR","DUB","EI3205",0,-1024,"STK5K",0,"EIN"
"44C06A",49.14,4.05,179,13000,265,"1000","F-LFPT2","PC12","OO-PCJ",1618579741,"CRL","","",0,64,"OOPCJ",0,""
"A37A89",49.31,12.57,6,12700,162,"3610","F-LKKV2","PA46","N323MA",1618579745,"RBM","","",0,512,"N323MA",0,""
"40746F",53.55,-0.54,170,12632,140,"0033","T-MLAT1","C208","G-CKSE",1618579742,"","","",0,448,"GCKSE",0,""
"4CA8E5",53.28,-2.53,226,12500,337,"2005","F-EGNR5","B738","EI-ENS",1618579744,"MAN","FAO","FR4088",0,3520,"RYR8AP",0,"RYR"
"4074A6",51.08,-1.84,87,12100,80,"0033","T-MLAT1","C208","G-OJMP",1618579744,"","","",0,0,"GOJMP",0,""
"448CAA",50.79,5.10,347,12050,286,"6756","F-EDDK3","C525","OO-CEJ",1618579744,"TLN","","",0,-320,"OOCEJ",0,"BNJ"
"42449C",50.78,6.08,224,12000,347,"1000","F-EDDK2","B744","VQ-BWS",1618579735,"","","6T2876",0,0,"LGT2876",0,"LGT"
"406F3C",50.63,0.17,292,11654,288,"5712","T-MLAT1","PC12","G-KARE",1618579744,"QYA","","",0,-1152,"GKARE",0,""
"407472",52.54,-0.44,49,11105,112,"0033","T-MLAT1","C208","G-UKPB",1618579744,"","","",0,320,"GUKPB",0,""
"471F49",51.25,8.01,286,11050,309,"3543","F-ETHF1","A320","HA-LWB",1618579745,"IAS","DTM","W63655",0,-1152,"WZZ1392",0,"WZZ"
"406A27",50.23,-1.79,17,11000,244,"1206","T-MLAT1","AT43","G-ISLH",1618579742,"JER","SOU","",0,0,"BCI101P",0,"BCI"
"406F79",51.10,-0.81,48,10950,294,"6330","F-EGLK3","B789","G-ZBKM",1618579743,"MEX","LHR","BA242",0,-1152,"BAW242",0,"BAW"
"3C670A",49.70,8.78,126,10850,342,"7655","F-EDFM2","A359","D-AIXJ",1618579741,"FRA","BKK","LH772",0,2496,"DLH772",0,"DLH"
"3C658C",49.85,8.45,260,10500,332,"5313","F-EDDF4","A319","D-AILL",1618579740,"AGP","FRA","LH1149",0,-1664,"DLH56E",0,"DLH"
"4CAFD0",53.32,-6.05,188,10250,284,"3610","F-EICD1","B738","EI-GXK",1618579742,"DUB","LIS","FR7138",0,2880,"RYR188V",0,"RYR"
"406D8E",51.28,-0.08,337,10125,288,"1425","F-EGLL2","A320","G-EZOI",1618579745,"LGW","EDI","U2809",0,3776,"EZY635P",0,"EZY"
"",53.29,9.39,46,10125,233,"5043","F-EDHN1","TBM9","",1618579742,"","","",0,-3008,"TBM9",0,""
"",50.65,6.57,92,10025,295,"2014","F-EDKA3","E550","",1618579743,"","","",0,-192,"E550",0,""
"4075BE",50.59,-3.79,254,10000,201,"0411","T-MLAT1","PA46","G-EXPO",1618579744,"ESH","","",0,0,"GEXPO",0,""
"8963DB",52.37,5.05,138,9750,284,"3153","F-EHAM3","B77W","A6-EPL",1618579742,"AMS","DXB","EK148",0,2624,"UAE148",0,"UAE"
"",48.86,2.60,192,9650,243,"3303","F-LFOZ1","E50P","",1618579740,"","","",0,1152,"E50P",0,""
"3D63BC",48.67,10.57,122,9500,234,"4452","F-EDMO3","TBM8","D-FKAE",1618579745,"MHG","","",0,0,"DFKAE",0,""
"43C408",54.12,-1.11,76,9400,288,"6041","T-MLAT1","HAWK","XX203",1618579744,"","","",0,-1408,"SAVAGE1",0,"RFR"
"3D4B37",51.02,6.56,71,9024,160,"5264","T-MLAT1","C208","D-FAST",1618579742,"BHX","KSF","JMP353",0,0,"JMP353",0,"JMP"
"AA0DA1",51.63,7.47,142,9000,166,"0166","F-EDLE3","","N747MC",1618579744,"GRQ","","",0,0,"N747MC",0,""
"A8CAB6",52.47,11.44,103,9000,141,"3131","F-EDHI1","","N666CA",1618579743,"GRQ","","",0,0,"N666CA",0,""
"89610E",51.42,-0.05,95,8900,271,"2274","F-EGKA3","B77W","A6-ECG",1618579742,"LHR","DXB","EK2",0,2624,"UAE2",0,"UAE"
"43C8BC",53.30,-0.27,188,8650,147,"1764","T-EGXJ24","","",1618579734,"","","",0,0,"CWL77",0,""
"3D41BC",51.31,10.18,211,8325,130,"7743","F-EDDV5","","",1618579745,"EIB","","",0,-448,"DEXDK",0,""
"43C8BD",52.79,-0.47,322,8186,119,"3721","T-MLAT1","","",1618579742,"","","",0,-1856,"CWL93",0,""
"4D0140",49.80,6.32,291,8025,328,"3504","F-ETAD1","B744","LX-OCV",1618579735,"LUX","LAX","CV7745",0,1920,"CLX46V",0,"CLX"
"3D3ABA",52.40,10.23,113,8000,167,"0164","F-EDWI3","","",1618579745,"","","",0,64,"DEUMK",0,""
"400D03",51.99,-1.65,258,7975,148,"1413","T-MLAT1","DA42","G-CTCG",1618579742,"OXF","","",0,0,"EXM52",0,""
"400A76",50.93,-3.38,2,7850,181,"0502","F-EGDX1","BE20","G-CIFE",1618579745,"EXT","BLK","",0,1856,"BRO39",0,"BRO"
"A48B4B",52.11,-9.53,99,7625,151,"6317","F-EIBN1","P46T","N392MA",1618579744,"KIR","","",0,1280,"N392MA",0,""
"44CCD8",50.85,4.81,240,7625,291,"7113","F-EDKA3","A333","OO-SFX",1618579743,"BRU","FNA","SN241",0,2560,"BEL241W",0,"BEL"
"3D0815",52.32,7.17,5,7525,107,"7742","F-EDDV5","C172","D-EBHT",1618579745,"","","",0,0,"DEBHT",0,""
"3DAFB2",53.26,11.70,197,7525,150,"7000","F-EDDT2","DA42","D-GMUC",1618579741,"RLG","","",0,-128,"PTO402",0,"PTO"
"3D171D",51.42,8.11,348,7500,102,"7742","F-EDLE3","C172","D-EGZT",1618579744,"","","",0,0,"DEGZT",0,""
"3D1C50",52.22,7.22,2,7500,94,"7742","T-MLAT1","C172","D-EIYY",1618579744,"","","",0,0,"DEIYY",0,""
"43C174",50.90,-4.15,119,7450,346,"1751","F-EGHD2","C17","ZZ174",1618579744,"BZZ","","",0,-384,"COMET53",0,"RFR"
"",49.11,8.01,302,7425,267,"6472","F-EDFM1","C525","",1618579743,"","","",0,-1344,"C525",0,""
"405911",52.92,-2.72,87,7399,92,"0033","T-MLAT1","GA8","G-VANX",1618579742,"","","",0,0,"GVANX",0,""
"43EA47",51.56,-2.92,212,7175,253,"7243","F-EGHH3","BE20","M-CDMS",1618579742,"BWF","BRS","VSB2",0,-1792,"VSB02",0,"VSB"
"406890",51.61,-0.30,262,7000,278,"2013","F-EGBE3","B788","G-ZBJC",1618579742,"ARN","LHR","BA777",0,0,"BAW777",0,"BAW"
"A10171",51.38,12.45,91,7000,167,"5037","F-EDDP2","S22T","N164KF",1618579734,"ESS","","",0,0,"N164KF",0,""
"A28E23",52.50,11.34,104,7000,147,"0165","F-EDDV4","SR20","N264CZ",1618579741,"GRQ","","",0,0,"N264CZ",0,""
"405D9A",51.08,-0.80,127,6999,148,"6347","T-MLAT1","SR20","G-DOLI",1618579744,"CWL","","",0,0,"GDOLI",0,""
"A79EBF",52.56,9.63,113,6975,138,"0176","F-EDDV5","SR20","N590PU",1618579745,"GRQ","","",0,-64,"N590PU",0,""
"",53.41,-6.15,94,6825,195,"5207","F-EIDW2","C68A","",1618579744,"","","",0,5376,"C68A",0,""
"4AB482",53.62,10.31,8,6524,252,"5031","T-MLAT1","AT75","SE-MDB",1618579744,"STR","LBC","6I7421",0,-640,"MMD7421",0,"MMD"
"781105",51.56,-0.68,254,6450,218,"3512","F-EGLF1","A333","B-8972",1618579743,"XMN","LHR","MU7197",0,-1792,"CES7197",0,"CES"
"44C24D",52.52,-1.24,311,6175,238,"7343","F-EGSC2","C510","OO-PRM",1618579739,"AMS","","",0,-1216,"OOPRM",0,"BNJ"
"485A66",53.15,6.65,62,6049,118,"0433","T-MLAT1","DA42","PH-KFA",1618579744,"GRQ","GRQ","",0,0,"KLM7913",0,""
"3DC5A2",50.79,5.25,317,6013,150,"5145","T-MLAT1","DA42","D-GVCC",1618579744,"LGG","","",0,-448,"DGVCC",0,""
"A19982",51.40,5.91,175,6000,110,"0432","T-MLAT1","P28A","N202AS",1618579744,"LEY","","",0,0,"N202AS",0,""
"4032DD",51.16,3.62,90,5975,84,"5261","F-EBBR1","P28A","G-BSXC",1618579744,"ESH","","",0,64,"GBSXC",0,""
"471F81",52.21,13.20,329,5925,212,"4533","F-EDCD1","A320","HA-LYF",1618579742,"KIV","BER","W66903",0,-832,"WZZ6906",0,"WZZ"
"402C42",51.13,-3.29,350,5700,111,"3613","F-EGTE3","AA5","G-BOZO",1618579744,"","","",0,-256,"GBOZO",0,""
"485121",52.09,6.07,226,5600,83,"7000","T-MLAT1","","",1618579735,"","","",0,320,"PH1545",0,""
"4CA8D9",53.42,-2.33,228,5475,269,"2251","F-EGNR5","B738","EI-ENN",1618579744,"MAN","AGP","FR3232",0,4224,"RYR2UM",0,"RYR"
"3EDDC0",51.65,7.07,40,5475,34,"0476","T-EDDK88","ARCP","D-KYYA",1618579740,"","","",0,0,"DKYYA",0,""
"484426",52.05,6.26,194,5293,109,"7000","T-MLAT1","VENT","PH-891",1618579744,"","","",0,704,"PH891",0,""
"3950C4",49.14,2.22,247,5275,278,"1000","F-LFPG1","A318","F-GUGE",1618579745,"AMS","CDG","AF1741",0,-1024,"AFR15AH",0,"AFR"
"491184",49.90,8.06,40,5275,217,"1000","F-EDDF4","F2TH","CS-DLD",1618579743,"MUC","FRA","",0,-576,"NJE205L",0,"NJE"
"484A9C",52.04,6.95,263,5275,141,"7000","T-EDLI94","DUOD","PH-1260",1618579739,"","","",0,0,"PH1260",0,""
"3D3FDA",50.74,6.30,184,5149,39,"7000","T-MLAT1","E300","D-EWKW",1618579744,"AAH","","",0,0,"DEWKW",0,""
"3D277D",49.60,6.97,95,5120,108,"7000","T-MLAT1","P28A","D-ENEZ",1618579743,"","","",0,256,"DENEZ",0,""
"3D234F",51.57,8.62,234,5100,127,"1103","T-EDLI94","P28A","D-ELPV",1618579741,"BWE","","",0,0,"DELPV",0,""
"",53.42,5.65,270,5100,125,"7000","F-EDWI3","P68","",1618579745,"","","",0,0,"P68",0,""
"3D417F",49.41,8.89,348,5100,128,"0473","T-LFSB10","","D-EXBB",1618579742,"","","",0,0,"DEXBB",0,""
"448466",50.75,5.63,49,5050,226,"7161","F-EDDK3","B744","OO-ACF",1618579744,"LGG","WUH","X7281",0,1408,"CHG281",0,"FRH"
"",51.48,-0.57,358,5025,238,"5746","F-EGLL2","LJ75","",1618579745,"","","",0,-2496,"LJ75",0,""
"485734",53.23,5.28,39,5000,143,"4367","F-EHKD2","EC75","PH-OSF",1618579744,"DHR","","",0,0,"HHE67B",0,"HHE"
"484943",52.06,6.80,304,5000,54,"7000","F-EDLW2","VENT","PH-1308",1618579744,"","","",0,0,"PH1308",0,""
"",51.76,8.53,348,5000,220,"1255","F-EDDG2","C25A","",1618579736,"","","",0,-1536,"C25A",0,""
"40750A",52.19,0.72,49,4975,77,"7000","F-EGLC3","DISC","G-JBOB",1618579743,"","","",0,0,"GLIDERJO",0,""
"449661",53.06,4.73,23,4950,167,"7000","T-MLAT1","C404","OO-ESA",1618579727,"ANR","","",0,0,"OOESA",0,""
"4079D6",51.85,-2.49,248,4950,107,"7000","F-EGTR1","P28A","G-EGBW",1618579744,"","","",0,128,"GEGBW",0,""
"484F08",52.12,6.30,34,4875,76,"7000","T-MLAT1","DUOD","PH-1472",1618579744,"","","",0,384,"PH1472",0,""
"48441C",51.28,5.89,74,4825,100,"7000","T-MLAT1","DUOD","PH-1322",1618579744,"","","",0,0,"PH1322",0,""
"485030",52.52,6.21,79,4796,30,"7000","T-MLAT1","DG1T","PH-1525",1618579740,"","","",0,-448,"PH1525",0,""
"4853D4",52.11,4.34,29,4775,238,"1000","F-EHKD2","B738","PH-HXK",1618579738,"SVQ","AMS","HV6728",0,-1600,"TRA28E",0,"TRA"
"485069",52.92,7.86,226,4773,104,"0000","T-FLRM1","DUOD","PH-1529",1618579732,"","","",0,-960,"PH1529",0,""
"485495",52.30,8.50,315,4767,64,"0000","T-FLRM1","AS29","PH-1589",1618579740,"","","",0,0,"PH1589",0,""
"4038AA",52.35,1.33,163,4750,64,"7000","T-EGXJ24","DG80","G-BVJK",1618579742,"NWI","","",0,0,"",0,""
"484F11",52.53,6.42,239,4700,26,"7000","T-EHTW115","PITA","PH-4J2",1618579742,"","","",0,0,"",0,""
"896118",51.35,6.97,99,4700,258,"6424","F-EDDK3","B77W","A6-ECQ",1618579744,"DUS","DXB","EK56",0,3200,"UAE56",0,"UAE"
"39856B",48.93,2.03,56,4650,213,"1000","F-LFOB1","E190","F-HBLL",1618579744,"BIQ","CDG","AF7657",0,-128,"AFR47GL",0,"AFR"
"40538E",52.18,0.62,103,4629,55,"0000","T-FLRM1","DISC","G-CJRR",1618579739,"","","",0,128,"GCJRR",0,""
"3DC0A8",51.73,7.49,50,4625,124,"1251","T-MLAT1","PA44","D-GTFC",1618579744,"ESS","","",0,0,"DGTFC",0,""
"3DBC00",54.22,12.87,61,4625,119,"1123","F-EDCG2","DA42","D-GRLG",1618579745,"RLG","","",0,0,"PTO502",0,"PTO"
"4057A0",50.88,-2.88,92,4603,48,"0000","T-FLRM1","VENT","G-CKAS",1618579738,"","","",0,-128,"GCKAS",0,""
"3DA357",50.71,6.61,38,4600,148,"3721","T-MLAT1","PA44","D-GICL",1618579742,"MGL","","",0,0,"RWL545",0,"RWL"
"3D3460",49.30,7.49,30,4600,78,"3714","F-ELLX3","P28U","D-ESBW",1618579745,"ZQW","","",0,0,"DESBW",0,""
"4012D5",50.89,-1.06,26,4566,52,"0000","T-FLRM1","DUOD","G-CKPY",1618579737,"","","",0,384,"GCKPY",0,""
"7807D6",49.95,8.22,68,4550,163,"1000","T-ETOU50","A332","B-6538",1618579744,"FOC","FRA","MU7159",0,-960,"CES7159",0,"CES"
"3D67CF",52.98,-0.83,258,4525,155,"0033","F-EGGW2","C208","D-FLOH",1618579742,"","","",0,-3200,"DFLOH",0,""
"405A78",52.18,0.72,102,4525,71,"7000","F-EGSC2","AS29","G-CKRV",1618579745,"","","",0,-192,"GLIDE700",0,""
"484CB7",52.18,4.75,251,4525,239,"1000","T-EHAM82","B737","PH-BGQ",1618579740,"OTP","AMS","KL1374",0,-1088,"KLM38W",0,"KLM"
"4019F9",51.49,-3.26,358,4500,97,"3606","F-EGDY3","AA5","G-BAJO",1618579741,"","","",0,0,"GBAJO",0,""
"A432BD",51.73,4.95,230,4500,148,"7000","T-MLAT1","PA34","N37PF",1618579742,"LEY","","",0,0,"N37PF",0,""
"3EF8AE",52.64,6.33,131,4475,105,"7000","T-EHKD113","","",1618579740,"","","D6167",0,0,"D6167",0,""
"4056B7",51.15,-1.09,113,4450,63,"7000","T-EGHI130","DISC","G-CHRH",1618579732,"QLA","","",0,-128,"GCHRH",0,""
"400C77",52.12,-3.16,302,4445,82,"0000","T-FLRM1","VENT","G-VCXT",1618579740,"","","",0,-128,"GVCXT",0,""
"485113",52.85,6.77,70,4425,63,"7000","T-MLAT1","AS29","PH-1547",1618579742,"","","",0,-320,"PH1547",0,""
"485107",51.86,5.07,62,4422,68,"7000","T-FLRM1","ARCP","PH-1542",1618579739,"","","",0,-576,"PH1542",0,""
"40597A",51.04,-1.69,241,4408,84,"7000","T-MLAT1","VENT","G-IRLE",1618579744,"QLA","","",0,576,"GIRLE",0,""
"484B9D",53.03,5.65,263,4400,143,"7000","T-MLAT1","TOBA","PH-DFE",1618579723,"GRQ","","",0,0,"PHDFE",0,""
"06A2C4",50.63,4.52,260,4400,209,"3257","F-EBBR3","B77W","A7-BEU",1618579742,"DOH","BRU","QR8814",0,-512,"QTR268Y",0,"QTR"
"4050C8",52.38,-2.59,304,4373,64,"0000","T-FLRM1","DG1T","G-CKOH",1618579740,"","","",0,192,"GCKOH",0,""
"3ED911",52.33,8.39,254,4350,111,"7000","T-EDLI94","","",1618579741,"","","",0,0,"DKXDX",0,""
"3E7175",52.60,6.38,252,4300,53,"7000","F-EHKD2","","D-KIDX",1618579744,"","","",0,0,"DKIDX",0,""
"3D1F2C",51.86,11.87,72,4300,122,"7743","F-EDDE2","C172","D-EKBC",1618579744,"MHG","","",0,0,"DEKBC",0,""
"440589",51.03,-0.31,273,4275,269,"5776","F-EGKA1","A319","OE-LQM",1618579736,"MXP","LGW","U28198",0,-640,"EJU37EZ",0,"EZY"
"3E7041",52.05,6.43,232,4266,81,"7000","T-MLAT1","","",1618579743,"","","",0,-192,"DKHSB",0,""
"3FF568",52.46,12.38,294,4250,78,"7741","T-MLAT1","C42","D-MBJO",1618579744,"","","",0,0,"DMBJO",0,""
"484B24",52.01,7.18,200,4250,53,"7000","T-EDLI94","DG80","PH-1169",1618579739,"","","",0,0,"PH1169",0,""
"3E6ADF",52.76,6.51,32,4232,80,"7000","T-MLAT1","","D-KFRB",1618579742,"","","",0,64,"DKFRB",0,""
"484F8A",52.67,6.34,61,4225,53,"7000","F-EHTW2","DUOD","PH-1502",1618579743,"","","",0,0,"PH1502",0,""
"3D13BF",52.27,8.84,213,4200,142,"7000","T-MLAT1","C172","D-EFSP",1618579742,"","","",0,-1216,"DEFSP",0,""
"",51.54,5.18,189,4200,265,"6252","F-EDKA3","PRM1","",1618579743,"","","",0,-1472,"PRM1",0,""
"ACD21B",53.64,8.12,146,4200,152,"7000","T-MLAT1","BE35","N925Q",1618579742,"","","",0,0,"N925Q",0,""
"484774",52.34,7.21,113,4150,98,"7000","T-MLAT1","A20J","PH-737",1618579740,"","","",0,-448,"PH737",0,""
"406F2F",50.92,-2.56,70,4140,62,"0000","T-FLRM1","AS29","G-CLRA",1618579739,"","","",0,-64,"GCLRA",0,""
"4851E0",52.50,7.55,205,4130,125,"7000","T-MLAT1","AS29","PH-1562",1618579736,"","","",0,-256,"PH1562",0,""
"484F66",52.62,6.47,43,4125,67,"7000","T-MLAT1","DUOD","PH-1489",1618579698,"","","",0,320,"PH1489",0,""
"44A84F",50.91,3.17,8,4100,63,"2000","T-MLAT1","R200","OO-JBO",1618579743,"KJK","","",0,0,"OOJBO",0,""
"3D3AD8",52.19,12.15,274,4100,130,"7741","T-MLAT1","SR20","D-EUNO",1618579702,"","","",0,0,"DEUNO",0,""
"485EB0",52.46,6.37,227,4074,171,"7000","T-MLAT1","","",1618579724,"","","",0,0,"PH1638",0,""
"4074BB",52.00,-3.30,224,4050,116,"1177","T-MLAT1","DA42","G-SUEM",1618579738,"CWL","","",0,256,"AOS62",0,"AOS"
"4015D3",53.93,-1.16,61,4025,64,"7000","T-EGNM235","C172","G-ASMJ",1618579726,"","","",0,128,"GASMJ",0,""
"3D1148",53.50,6.85,151,4025,110,"7000","T-MLAT1","","",1618579744,"","","",0,0,"DEEUI",0,""
"3ED92B",52.56,6.25,48,4000,95,"7000","T-MLAT1","","",1618579731,"","","",0,-320,"DKXEX",0,""
"",51.58,6.75,227,3975,198,"7742","F-EDLW2","PA31","",1618579741,"","","",0,-320,"PA31",0,""
"3ED0DA",52.47,6.12,257,3950,88,"7000","T-MLAT1","","D-KUBA",1618579746,"","","",0,0,"DKUBA",0,""
"402562",54.06,-2.50,48,3950,86,"7000","T-EGNM2","C150","G-BMBB",1618579744,"BLK","","",0,-128,"GBMBB",0,""
"4050FD",52.31,0.42,125,3925,60,"2650","T-MLAT1","LK17","G-CKOI",1618579742,"MHZ","","",0,-256,"170",0,""
"48546C",51.00,5.45,247,3924,52,"7000","T-MLAT1","","",1618579737,"","","",0,-384,"PH1500",0,""
"401F2F",51.70,-2.36,175,3900,128,"7000","T-MLAT1","AA5","G-BIPV",1618579742,"","","",0,0,"GBIPV",0,""
"4848E5",52.07,6.90,10,3894,59,"7000","T-FLRM1","DISC","PH-1278",1618579740,"","","",0,-192,"PH1278",0,""
"391618",50.85,5.98,86,3851,121,"3177","T-MLAT1","TB20","F-GFQY",1618579744,"","","",0,704,"FGFQY",0,""
"3D38CD",50.63,6.62,137,3850,83,"4451","T-ETAD4","C172","D-ETTL",1618579743,"","","",0,0,"DETTL",0,""
"3D0D03",51.83,7.74,315,3800,87,"7000","T-MLAT1","DR40","D-EDEH",1618579742,"","","",0,0,"DEDEH",0,""
"398565",48.98,2.33,89,3800,178,"1000","T-MLAT1","E190","F-HBLF",1618579746,"NTE","CDG","AF7727",0,-1344,"AFR16YA",0,"AFR"
"3E625A",51.92,10.21,323,3800,72,"7743","T-EDDF213","","D-KCLE",1618579733,"","","",0,0,"DKCLE",0,""
"451CC1",49.95,8.53,178,3800,194,"7665","F-EDFM1","E190","LZ-PLO",1618579743,"FRA","SOF","FB438",0,1216,"LZB438",0,"LZB"
"3F05F1",52.19,5.54,244,3776,103,"7000","T-MLAT1","","",1618579742,"","","D9562",0,-320,"D9562",0,""
"484773",52.36,6.30,195,3775,77,"7000","T-MLAT1","DUOD","PH-1377",1618579727,"","","",0,-576,"PH1377",0,""
"40413C",52.11,-0.74,234,3750,144,"7000","F-EGYM1","P28R","G-BYHJ",1618579745,"SEN","","",0,-64,"GBYHJ",0,""
"3FF33A",49.23,8.23,332,3750,115,"4451","F-EDFM1","NG5","D-MDOC",1618579743,"HOH","","",0,384,"DMDOC",0,""
"4071EE",53.06,-3.47,355,3746,58,"0000","T-FLRM1","AS29","G-LOUD",1618579740,"","","",0,-960,"GLOUD",0,""
"406C9A",51.10,-1.05,65,3746,53,"0000","T-FLRM1","DUOD","G-CIJF",1618579740,"","","",0,320,"GCIJF",0,""
"40724F",50.84,-3.18,66,3700,80,"7000","T-MLAT1","AS29","G-CLTO",1618579742,"EXT","","",0,-128,"GLIDER51",0,""
"3D1BB9",51.67,6.88,290,3700,92,"7742","T-MLAT1","C152","D-EITD",1618579742,"ESS","","",0,0,"DEITD",0,""
"4063C9",51.73,-2.39,162,3697,58,"0000","T-FLRM1","DUOD","G-CLFX",1618579740,"","","",0,-128,"GCLFX",0,""
"485EA5",51.38,4.79,292,3650,68,"7000","T-MLAT1","","",1618579742,"","","",0,-64,"PH4U1",0,""
"485B4F",52.35,8.15,80,3650,45,"7000","T-EDLI94","AS30","PH-1621",1618579740,"","","",0,0,"PH1621",0,""
"A8C6D3",53.73,9.18,120,3625,173,"1125","F-EDWI3","M20T","N665AG",1618579745,"AGE","","",0,0,"N665AG",0,""
"3E6F19",50.92,5.44,266,3625,570,"7000","T-MLAT1","","",1618579735,"","","",0,-320,"DKHGR",0,""
"",52.89,7.41,19,3600,150,"7000","T-MLAT1","PZ04","",1618579745,"","","",0,0,"PZ04",0,""
"3E5FAE",52.16,7.23,225,3600,84,"7000","T-EDLI94","","",1618579740,"","","",0,0,"DKBKW",0,""
"3D33C8",48.84,8.78,169,3600,125,"4452","F-EDFM1","P28A","D-ERWA",1618579743,"QEF","","",0,192,"DERWA",0,""
"404F04",52.35,-3.09,302,3600,57,"7000","T-EGNR79","VENT","G-OTCZ",1618579735,"","","",0,448,"GOTCZ",0,""
"400BD3",50.73,-1.05,267,3599,84,"7011","T-MLAT1","P28A","G-BUJP",1618579743,"","","",0,0,"GBUJP",0,""
"",50.68,7.42,309,3575,231,"3045","F-EDDF4","LJ45","",1618579743,"","","",0,-960,"LJ45",0,""
"3D269F",48.99,12.20,132,3550,139,"7000","F-EDDM2","","D-EMWL",1618579742,"RBM","","",0,-64,"DEMWL",0,""
"406528",51.01,-1.32,264,3549,89,"3674","T-MLAT1","DUOD","G-DXLT",1618579744,"","","",0,-384,"GDXLT",0,""
"407A03",50.83,-3.46,82,3549,90,"7000","T-MLAT1","","",1618579742,"QLA","","",0,-448,"GCLYM",0,""
"",51.37,-3.29,287,3525,110,"3641","F-EGTE3","P28A","",1618579744,"","","",0,64,"P28A",0,""
"405434",52.36,-3.02,39,3525,73,"7000","T-EGBB16","LS8","G-CKEZ",1618579738,"","","",0,-448,"GCKEZ",0,""
"484EED",52.26,6.53,195,3525,93,"7000","F-EHTW4","AS31","PH-1470",1618579745,"","","",0,0,"PH1470",0,""
"402C24",53.26,-1.57,278,3525,114,"7000","T-EGCC285","C172","G-BOUE",1618579744,"","","",0,-384,"GBOUE",0,""
"406887",51.42,-2.20,166,3500,62,"0000","T-FLRM1","DUOD","G-SAXL",1618579740,"","","",0,576,"GSAXL",0,""
"484F81",51.56,5.02,32,3500,59,"7000","F-EHEH1","ARCP","PH-1496",1618579745,"","","",0,704,"PH1496",0,""
"404F54",52.21,-3.21,108,3494,54,"0000","T-FLRM1","AS28","G-CKJV",1618579739,"","","",0,-192,"GCKJV",0,""
"400DC5",51.65,-2.30,160,3475,137,"5077","T-MLAT1","RV9","G-IINI",1618579742,"","","",0,0,"GIINI",0,""
"3E742E",52.06,6.11,239,3475,72,"7000","F-EHTW3","S12S","D-KJES",1618579740,"","","",0,0,"DKJES",0,""
"407474",51.41,-2.77,146,3475,484,"5051","T-EGTG140","DA40","G-TAMI",1618579739,"OXF","","",0,576,"LDG57",0,""
"40694F",52.64,-0.23,2,3450,138,"7000","F-EGYM1","RV7","G-MACI",1618579743,"","","",0,-192,"GMACI",0,""
"3E751A",51.25,5.09,324,3425,67,"7000","T-MLAT1","","",1618579745,"","","",0,-832,"DKJNU",0,""
"407B4F",53.94,-1.03,284,3400,93,"7000","F-EGNM5","","",1618579735,"","","",0,0,"GCLZK",0,""
"43C5FC",50.24,-4.92,91,3400,80,"1746","T-MLAT1","B412","ZJ242",1618579740,"","","",0,-64,"HORN09",0,"RFR"
"404EB2",53.07,-3.89,158,3400,75,"7000","T-EGOV37","NIMB","G-KEPE",1618579743,"","","",0,-320,"GKEPE",0,""
"3EF0A3",50.99,5.40,132,3400,66,"7000","T-EHBK71","","",1618579740,"","","",0,0,"D4108",0,""
"4CA366",51.56,-8.61,292,3399,325,"2637","T-MLAT1","PA34","EI-CMT",1618579737,"ORK","","",0,-192,"",0,""
"405106",52.04,-1.64,235,3375,56,"7000","F-EGTR1","DISC","G-CKOD",1618579744,"","","",0,192,"GCKOD",0,""
"3EDA0A",51.91,8.71,131,3375,77,"7000","F-EDDV5","","",1618579745,"FMO","","",0,0,"DKXNM",0,""
"405123",50.86,-2.18,70,3350,46,"7000","F-EGHH3","DISC","G-CKOK",1618579744,"","","",0,256,"GCKOK",0,""
"3E6FDC",49.35,8.64,106,3325,63,"7000","F-EDFM2","DIMO","D-KHOE",1618579744,"","","",0,0,"DKHOE",0,""
"4079BC",52.57,-1.49,314,3325,163,"4571","F-EGTR1","SR22","G-FPRD",1618579744,"","","",0,-64,"GFPRD",0,""
"4863CB",52.73,6.60,181,3324,57,"7000","T-MLAT1","","",1618579742,"","","",0,-320,"PH1655",0,""
"4028DD",52.39,-2.42,216,3300,97,"1177","T-MLAT1","C152","G-BNKS",1618579735,"","","",0,0,"GBNKS",0,""
"4013A5",52.06,-2.24,82,3300,72,"7000","T-MLAT1","C152","G-BFEK",1618579742,"GLO","","",0,0,"GBFEK",0,""
"4016DC",52.51,0.98,210,3300,95,"7000","T-MLAT1","C172","G-AVHH",1618579744,"","","",0,0,"GAVHH",0,""
"AB00DD",52.51,0.15,104,3300,80,"0033","T-MLAT1","DHC6","N808PC",1618579743,"","","",0,1472,"N808PC",0,""
"45C10B",50.52,3.31,74,3300,91,"7151","F-EBKT2","P28A","OY-PHK",1618579745,"LIL","","",0,512,"OYPHK",0,""
"",53.25,6.65,95,3299,110,"7000","T-MLAT1","","",1618579742,"","","",0,448,"BLOCKED",0,""
"3D1BA1",54.06,9.05,291,3250,84,"7000","T-ETNS9","","",1618579734,"QEX","","",0,0,"DEISF",0,""
"407652",51.11,-2.17,202,3225,115,"7377","T-MLAT1","DA40","G-CTSX",1618579745,"BOH","","",0,0,"GCTSX",0,""
"4076BD",54.08,-0.97,167,3224,89,"7000","T-MLAT1","AS29","G-UBOO",1618579742,"","","",0,-64,"GUBOO",0,""
"A6A5A9",53.42,7.90,68,3200,116,"7745","T-MLAT1","C77R","N52723",1618579742,"QEJ","","N52723",0,0,"N52723",0,""
"3E683B",48.84,12.50,100,3200,76,"0000","T-EDMS72","","D-KERB",1618579735,"RBM","","",0,0,"DKERB",0,""
"4050A3",53.87,-2.95,309,3200,328,"0450","T-MLAT1","C152","G-CEFM",1618579735,"BLK","","",0,-320,"GCEFM",0,""
"402198",53.33,-1.61,14,3199,120,"7000","T-MLAT1","AA5","G-DINA",1618579744,"","","",0,0,"GDINA",0,""
"A41944",53.28,7.31,352,3189,146,"5044","T-MLAT1","M20T","N363US",1618579744,"ESS","","",0,-576,"N363US",0,""
"000001",52.07,-0.10,311,3150,42,"7000","F-EGTR2","0000","00000000",1618579706,"","","",0,256,"GLIDER",0,""
"3FEBFC",52.77,8.05,23,3150,79,"7000","F-EDDV4","FDCT","D-MGWP",1618579744,"","","",0,0,"DMGWP",0,""
"485EA7",52.14,7.28,126,3149,61,"7000","T-FLRM1","AS29","PH-1636",1618579739,"","","",0,576,"PH1636",0,""
"3D34C0",52.19,8.15,323,3100,84,"7000","T-EDLI94","P28A","D-ESFO",1618579738,"BFE","","",0,0,"DESFO",0,""
"3D3987",50.54,9.21,21,3100,97,"4450","T-ETID150","","D-EUAP",1618579714,"","","",0,0,"DEUAP",0,""
"3D0AE7",50.41,10.90,352,3100,66,"7000","T-EDQD66","C172","D-ECJN",1618579722,"","","",0,0,"DECJN",0,""
"403169",51.56,-2.27,268,3100,110,"3737","T-MLAT1","P28A","G-BSGD",1618579726,"","","",0,-768,"GBSGD",0,""
"3D0515",52.83,12.58,287,3100,72,"7741","T-MLAT1","C152","D-EAEF",1618579722,"","","",0,0,"DEAEF",0,""
"3FEF77",52.63,7.92,240,3075,28,"7000","T-EDLI94","C42","D-MSGG",1618579738,"","","",0,0,"DMSGG",0,""
"401947",54.08,-2.21,195,3075,140,"7000","T-MLAT1","D11","G-AZII",1618579731,"","","",0,192,"GAZII",0,""
"4849C8",51.81,5.93,349,3074,56,"7000","T-MLAT1","AS29","PH-1399",1618579745,"","","",0,0,"PH1399",0,""
"3EEA72",52.41,7.83,28,3025,24,"7000","T-EDLI94","","",1618579674,"FMO","","D2523",0,0,"D2523",0,""
"407962",52.13,-1.44,147,3024,90,"4503","T-MLAT1","DA40","G-LDGB",1618579745,"OXF","","",0,320,"LDG02",0,"LDG"
"A0A728",51.51,-1.72,140,3000,166,"3737","T-MLAT1","SR22","N141HT",1618579744,"GLO","","",0,0,"N141HT",0,""
"401E2D",52.50,-1.14,156,3000,65,"7000","T-MLAT1","C152","G-BHEN",1618579742,"","","",0,-1536,"GBHEN",0,""
"A3E411",50.81,-3.78,112,3000,127,"0431","F-EGTE3","BE33","N35SN",1618579743,"BOH","","",0,-64,"N35SN",0,""
"4076D5",52.32,-3.05,336,3000,73,"7000","T-EGNR79","DISC","G-DTOF",1618579742,"","","",0,192,"GDTOF",0,""
"402748",50.98,-3.24,68,3000,56,"7000","T-MLAT1","C152","G-BMXB",1618579740,"","","",0,-1792,"GBMXB",0,""
"4078EB",52.05,-1.19,128,2993,139,"5012","T-MLAT1","P750","G-GWMB",1618579742,"","","",0,-3968,"GGWMB",0,""
"407936",51.00,-2.65,292,2950,130,"7377","F-EGDY3","DA42","G-LHXA",1618579744,"BOH","","",0,64,"GLHXA",0,""
"06A1E7",49.55,6.01,32,2950,168,"3213","F-ELLX3","B77L","A7-BFJ",1618579724,"DOH","LUX","QR8243",0,-384,"QTR42TA",0,"QTR"
"3ED399",51.94,7.33,261,2950,79,"2557","T-MLAT1","DG80","D-KVCB",1618579743,"","","",0,0,"DKVCB",0,""
"4050FA",51.98,-2.33,173,2950,58,"7000","F-EGBJ2","DISC","G-KOBH",1618579743,"","","",0,320,"GKOBH",0,""
"4078AD",49.44,-2.53,80,2950,190,"1247","F-EGJB4","C25A","G-ILBG",1618579745,"GCI","","",0,1216,"VCG3BG",0,"VCG"
"40619A",51.78,-3.88,127,2950,147,"3614","T-MLAT1","","",1618579740,"","","",0,0,"GEGLA",0,""
"3D37DD",52.70,8.79,130,2925,125,"7000","T-EDLI94","","D-ETKF",1618579740,"","","",0,0,"DETKF",0,""
"484BD0",52.48,6.38,26,2925,56,"7000","F-EHTW4","AS26","PH-1060",1618579736,"","","",0,0,"PH1060",0,""
"3E7683",48.76,9.00,135,2900,96,"7000","T-MLAT1","DIMO","D-KKBR",1618579739,"","","",0,0,"DKKBR",0,""
"3D18EC",48.89,12.69,280,2900,66,"2147","T-EDMS72","P28A","D-EHRO",1618579738,"RBM","","",0,0,"DEHRO",0,""
"400A8C",50.79,0.38,43,2900,118,"7000","T-MLAT1","P28R","G-BMLS",1618579745,"","","",0,0,"GBMLS",0,""
"485980",53.07,4.82,82,2900,158,"7000","T-EHKD113","TAMP","PH-SRD",1618579741,"","","",0,0,"PHSRD",0,""
"3FF1C3",52.10,8.07,52,2875,74,"7000","F-EDDV5","","",1618579745,"","","",0,0,"DMEDP",0,""
"3FF898",51.01,6.11,8,2850,77,"7000","F-EDDL2","ULAC","D-MYFS",1618579741,"","","",0,0,"DMYFS",0,""
"3FE9EA",50.72,6.52,145,2825,79,"7000","T-EDDK88","","D-MLWW",1618579739,"CGN","","",0,0,"DMLWW",0,""
"49D275",50.07,12.83,20,2825,104,"7000","F-LKKV3","P06T","OK-MNM",1618579739,"","","",0,128,"OKMNM",0,"FAP"
"40103A",51.82,0.86,156,2800,79,"4575","T-MLAT1","P28A","G-BBBN",1618579736,"SEN","","",0,0,"GBBBN",0,""
"401D1E",50.85,-2.20,71,2800,110,"7011","T-MLAT1","P28A","G-WNTR",1618579740,"","","",0,0,"GWNTR",0,""
"3D05FA",49.58,8.12,246,2800,71,"4452","T-ETIE90","A210","D-EANA",1618579702,"","","",0,0,"DEANA",0,""
"402C44",54.14,-1.04,351,2800,91,"7000","T-EGNM179","P28A","G-BOXC",1618579737,"MME","","",0,128,"GBOXC",0,""
"3D0A9B",53.33,8.36,337,2800,121,"7745","T-MLAT1","C172","D-ECGP",1618579702,"","","",0,0,"DECGP",0,""
"4895EB",53.13,7.67,89,2775,112,"0021","F-EDWI3","P06T","SP-FPL",1618579745,"","","",0,192,"SPFPL",0,""
"402BEB",51.77,-2.83,50,2750,50,"5077","T-EGTG140","P28A","G-OJWS",1618579710,"BRS","","",0,0,"GOJWS",0,""
"3FF582",52.79,8.16,349,2750,119,"7000","F-EDDV4","VL3","D-MVLC",1618579744,"","","",0,192,"DMTKV",0,""
"3FE9FD",53.76,9.39,325,2724,80,"7740","T-MLAT1","","D-MPAN",1618579742,"","","",0,0,"DMPAN",0,""
"3D0EE4",53.05,8.21,204,2716,160,"7000","T-MLAT1","A210","D-EDWU",1618579745,"VAC","","",0,192,"DEDWU",0,""
"40262E",52.79,-1.91,242,2700,107,"7000","F-EGCN1","P28A","G-BMFP",1618579728,"","","",0,-128,"ABLE04",0,""
"3D2C84",52.25,8.39,122,2700,88,"7742","T-EDLI94","","",1618579741,"","","",0,0,"DEPCM",0,""
"3D0E5B",53.27,8.16,207,2699,482,"7000","T-MLAT1","C172","D-EDRN",1618579735,"WVN","","",0,1280,"DEDRN",0,""
"DD0C12",51.62,10.94,164,2677,129,"0000","T-FLRM1","R44","D-HDSQ",1618579737,"","","",0,64,"DHDSQ",0,""
"3D3868",52.07,8.80,16,2675,398,"7000","T-EDLI94","C182","D-ETPO",1618579739,"BFE","","",0,0,"DETPO",0,""
"3C65C9",49.98,8.34,69,2675,169,"1000","T-EDFE65","A20N","D-AINI",1618579726,"OPO","FRA","LH1177",0,-1024,"DLH85Y",0,"DLH"
"3D2280",49.51,8.21,175,2675,146,"7000","F-EDFM1","SR20","D-ELHW",1618579743,"QEZ","","",0,-128,"DELHW",0,""
"D01362",50.03,5.41,205,2670,102,"0000","T-FLRM1","TRIN","OO-VVG",1618579741,"","","",0,-1088,"OOVVG",0,""
"AE5AD4",50.41,5.30,94,2650,108,"7000","F-EHBK1","","",1618579739,"","","",0,0,"DUKE03",0,""
"402049",51.41,-1.67,141,2625,117,"2650","F-EGGW2","TOBA","G-BKIS",1618579743,"","","",0,-128,"GBKIS",0,""
"40729C",53.18,-0.91,303,2625,178,"6165","T-MLAT1","PA31","G-SCIR",1618579744,"QLA","","",0,0,"BRO15P",0,"BRO"
"484908",52.77,5.73,294,2600,92,"7000","T-EHKD113","C152","PH-VSN",1618579742,"","","",0,0,"PHVSN",0,""
"4402E0",52.18,-0.48,252,2600,120,"7000","T-MLAT1","DA40","OE-DGP",1618579744,"BLK","","",0,0,"OEDGP",0,""
"44D1B5",51.10,4.02,275,2600,122,"5156","T-MLAT1","P28A","OO-TMU",1618579742,"ANR","","",0,0,"OOTMU",0,""
"40558A",50.83,-2.97,102,2600,76,"7000","T-MLAT1","C172","G-BREZ",1618579744,"","","",0,-1536,"GBREZ",0,""
"402A9E",53.86,-1.06,143,2600,109,"7000","T-MLAT1","P28A","G-BODB",1618579745,"","","",0,0,"GBODB",0,""
"424B88",50.29,11.83,269,2600,142,"2134","T-EDQM3","CL60","M-AFAC",1618579741,"NUE","","",0,1216,"MAFAC",0,""
"A8F9E0",51.40,-1.52,73,2600,124,"7000","T-MLAT1","BE36","N678EM",1618579741,"EXT","","",0,0,"N678EM",0,""
"401CBC",52.16,-2.21,183,2600,98,"0404","F-EGTR1","C172","G-BEZO",1618579744,"GLO","","",0,-128,"GBEZO",0,""
"406EEB",50.91,-2.04,149,2600,100,"7377","T-EGHH25","C172","G-CISX",1618579674,"BRS","","",0,0,"GCISX",0,""
"3D1D38",52.39,8.04,210,2600,128,"0000","T-EDLI94","DR40","D-EJHW",1618579737,"","","",0,0,"DEJHW",0,""
"",52.25,4.43,110,2600,232,"6257","F-EHRD3","CL35","",1618579734,"","","",0,-1152,"CL35",0,""
"3D189C",50.27,9.10,39,2600,45,"7000","T-EDDF147","DR40","D-EHOM",1618579738,"","","",0,0,"",0,""
"4858A1",52.47,6.13,249,2582,56,"7000","T-FLRM1","DISC","PH-1603",1618579738,"","","",0,320,"PH1603",0,""
"407553",51.35,-2.23,186,2575,60,"7000","F-EGVN1","ARCP","G-CLVL",1618579742,"QLA","","",0,0,"GCLVL",0,""
"401EB8",53.93,-2.82,281,2575,101,"7000","T-MLAT1","D11","G-BHZV",1618579742,"","","",0,-256,"GBHZV",0,""
"4049D6",51.51,-1.60,151,2550,76,"7000","T-MLAT1","SF25","G-CCHX",1618579745,"","","",0,-256,"GCCHX",0,""
"45AD98",52.76,9.19,257,2550,25,"7000","T-EDLI94","","OY-KLX",1618579739,"","","",0,0,"DKHNG",0,""
"3E7B59",52.19,6.71,214,2550,102,"7000","F-EHTW4","","D-KLXH",1618579745,"","","",0,0,"DKLXH",0,""
"3D09B2",49.31,8.47,32,2525,595,"7000","T-EDFM175","C172","D-EBXQ",1618579729,"MHG","","",0,0,"DEBXQ",0,""
"400DD8",50.85,-0.76,268,2525,124,"0433","T-MLAT1","DA40","G-CDSF",1618579734,"ESH","","",0,0,"GCDSF",0,""
"404C47",51.13,-1.16,51,2525,60,"7000","T-MLAT1","C42","G-CCYR",1618579739,"","","",0,0,"GCCYR",0,""
"",51.14,-0.81,195,2525,201,"3040","T-EGVO41","CL35","",1618579742,"","","",0,0,"CL35",0,""
"3FEE21",50.52,6.53,182,2525,75,"4451","T-ETAD4","","D-MFFO",1618579744,"","","",0,0,"DMFFO",0,""
"4040F4",53.90,-1.05,7,2525,105,"7000","T-MLAT1","EUPA","G-WUFF",1618579724,"","","",0,0,"GWUFF",0,""
"3D3349",52.90,7.99,192,2525,87,"7745","F-EDWI1","CH7B","D-ERRD",1618579743,"WVN","","",0,0,"DERRD",0,""
"407997",50.83,-2.11,199,2525,135,"7356","F-EGDY3","DA42","G-LHXC",1618579744,"BOH","","",0,128,"GLHXC",0,""
"401FF5",51.58,-2.54,108,2500,70,"5077","T-MLAT1","RF5","G-BJXK",1618579742,"","","",0,0,"GBJXK",0,""
"4018D7",51.16,-2.96,220,2500,119,"5077","T-MLAT1","P28A","G-AYNJ",1618579742,"CVT","","",0,0,"GAYNJ",0,""
"40474E",52.36,1.26,178,2500,111,"3707","F-EGVJ1","P28A","G-EEGU",1618579740,"NWI","","",0,192,"GEEGU",0,""
"401004",51.90,-4.60,265,2500,103,"7000","T-MLAT1","P28A","G-BABG",1618579744,"","","",0,-640,"GBABG",0,""
"402E5A",52.00,-4.86,124,2500,98,"7000","T-MLAT1","C172","G-BPWR",1618579740,"","","",0,0,"GBPWR",0,""
"406C17",51.21,-3.40,226,2500,150,"3610","T-MLAT1","A109","G-IOOK",1618579742,"GLO","","",0,0,"",0,""
"407156",52.34,-7.81,186,2499,82,"2606","T-MLAT1","C172","G-THYB",1618579741,"","","",0,-192,"N",0,""
"4026A3",51.87,-3.20,295,2493,73,"0000","T-FLRM1","G109","G-IPSI",1618579740,"","","",0,-256,"GIPSI",0,""
"407615",50.69,-3.19,86,2475,104,"0423","T-MLAT1","","",1618579706,"","","",0,0,"GCTSK",0,""
"3D43BC",51.43,7.39,120,2475,139,"1346","T-MLAT1","P28R","D-EXXC",1618579740,"BRE","","",0,-192,"RWL2735",0,"RWL"
"401CDF",54.21,-1.18,91,2467,61,"0000","T-FLRM1","PA25","G-BFEV",1618579741,"","","",0,256,"GBFEV",0,""
"395B5C",48.72,6.20,238,2450,79,"7000","F-LFSN1","WT9","F-JBCU",1618579743,"","","",0,0,"FJBCU",0,""
"3EC233",52.17,5.58,274,2450,74,"7000","T-MLAT1","","D-KOMT",1618579744,"","","",0,-256,"DKOMT",0,""
"40137D",51.32,-2.30,20,2450,64,"7000","F-EGLK2","","",1618579745,"QLA","","",0,0,"GLIDERE6",0,""
"4051AB",50.48,-4.85,302,2425,93,"1747","T-MLAT1","SIRA","G-NFLY",1618579670,"","","",0,0,"GNFLY",0,""
"3DDC76",51.62,10.94,164,2425,130,"0020","F-EDDE2","EC45","D-HDSW",1618579741,"HAM","","",0,-64,"CHR81",0,""
"403D8E",51.89,1.01,225,2400,103,"4502","T-MLAT1","HR20","G-ECAG",1618579744,"","","",0,-704,"GECAG",0,""
"401112",51.34,-1.37,205,2400,97,"7000","T-MLAT1","P28A","G-CEJD",1618579733,"","","",0,0,"GCEJD",0,""
"402146",52.19,-2.91,310,2400,303,"7000","T-MLAT1","C152","G-BTAL",1618579726,"","","",0,0,"GBTAL",0,""
"402020",51.67,-2.40,46,2375,164,"7000","T-MLAT1","DR40","G-BKDJ",1618579745,"GLO","","",0,-256,"GBKDJ",0,""
"406F99",50.52,-4.71,13,2325,75,"7000","F-EGHQ1","AS29","G-CLRF",1618579744,"QLA","","",0,0,"GCLRF",0,""
"3FEF25",51.39,6.29,201,2300,98,"7000","T-ETUL20","WT9","D-MPWN",1618579744,"","","",0,0,"DMPWN",0,""
"402DB1",50.73,-0.79,71,2300,97,"7000","F-EGLF1","P28A","G-BPOT",1618579743,"","","",0,192,"GBPOT",0,""
"4069D0",51.39,-1.67,149,2300,118,"4572","T-MLAT1","PNR4","G-CPPG",1618579733,"","","",0,-192,"012GCPPG",0,""
"485B92",52.80,6.78,275,2300,80,"7000","T-MLAT1","TOBA","PH-MLU",1618579744,"GRQ","","",0,1152,"PHMLU",0,""
"392DBB",50.94,3.32,235,2250,167,"7000","T-MLAT1","RV8","F-PXCN",1618579742,"","","",0,0,"FPXCN",0,""
"4015F1",52.67,-3.10,177,2250,88,"7000","T-EGNR79","P28A","G-ASSW",1618579731,"","","",0,64,"GASSW",0,""
"4018AF",52.62,0.01,13,2225,89,"1177","T-EGSC41","AA1","G-AYHA",1618579739,"","","",0,0,"GAYHA",0,""
"4062DE",51.47,-1.62,311,2200,102,"3727","T-MLAT1","P28A","G-ELUE",1618579732,"","","",0,0,"GELUE",0,""
"3D3368",49.16,9.33,90,2200,89,"4452","T-ETIE41","","",1618579744,"MHG","","",0,64,"DERSI",0,""
"A56B15",51.14,-1.07,346,2199,100,"0434","T-MLAT1","R66","N44829",1618579743,"","","N44829",0,0,"N44829",0,""
"405480",51.72,-2.12,298,2175,106,"7000","F-EGBJ2","VENT","G-CKFP",1618579743,"GBA","","",0,-1216,"GCKFP",0,""
"485B1A",52.78,4.70,106,2175,85,"7000","F-EHKD2","TL30","PH-4S2",1618579744,"","","",0,-64,"PH4S2",0,""
"40761F",50.79,-3.10,84,2175,106,"1177","T-MLAT1","DA40","G-CTSO",1618579738,"EXT","","",0,0,"GCTSO",0,"EAD"
"403C10",52.47,1.25,0,2150,100,"0000","T-MLAT1","","",1618579700,"","","",0,0,"GMZBN",0,""
"485A1E",48.97,3.24,29,2150,144,"7021","F-LFPG1","DA62","PH-VCC",1618579745,"AGF","","",0,-64,"PHVCC",0,""
"484F05",51.07,3.14,25,2150,50,"7000","F-EBKT2","AS25","PH-1475",1618579745,"","","",0,0,"PH1475",0,""
"407764",51.96,-2.14,349,2125,67,"7000","T-MLAT1","C42","G-TROW",1618579740,"GLO","","",0,0,"GTROW",0,""
"3D1444",51.51,6.66,204,2100,116,"7742","T-MLAT1","P28A","D-EFXS",1618579724,"","","",0,0,"DEFXS",0,""
"402AA1",53.89,-1.09,35,2100,80,"7000","T-MLAT1","P28A","G-BODE",1618579738,"","","",0,128,"GBODE",0,""
"3D1765",50.70,6.58,119,2100,107,"7000","T-MLAT1","P28A","D-EHCN",1618579735,"AAH","","",0,0,"DEHCN",0,""
"3D14C7",52.09,12.95,290,2100,72,"7741","T-MLAT1","C152","D-EGCT",1618579731,"","","",0,0,"DEGCT",0,""
"484B40",51.64,3.70,228,2100,104,"7000","F-EHWO1","P28A","PH-SRP",1618579745,"","","",0,0,"PHSRP",0,""
"403FA5",52.66,-0.65,233,2100,96,"3751","T-EGXJ24","P28A","G-RADI",1618579744,"NQT","","",0,0,"GRADI",0,""
"43C27C",52.24,1.25,311,2100,135,"4522","T-MLAT1","","ZJ231",1618579726,"","","",0,0,"PROWLER1",0,""
"3E2E94",53.51,7.48,304,2099,148,"7000","T-MLAT1","C303","D-IIVK",1618579740,"","","",0,0,"DIIVK",0,""
"407B80",52.88,0.91,206,2075,82,"7000","F-EGSH3","","",1618579745,"","","",0,-1088,"GCLYJ",0,""
"401709",53.70,-2.64,71,2050,65,"7000","F-EGNO2","C150","G-AVMD",1618579745,"","","",0,-896,"GAVMD",0,""
"4037CC",51.34,-2.11,246,2050,131,"7000","T-EGVA10","","",1618579741,"","","",0,512,"GIIRG",0,""
"3D3367",49.99,11.66,98,2043,70,"0000","T-FLRM1","DV20","D-ERSH",1618579729,"","","",0,704,"DERSH",0,""
"3E70E7",52.79,7.04,281,2025,82,"7000","T-MLAT1","","D-KHYL",1618579723,"","","",0,-320,"DKHYL",0,""
"3DDC7C",49.33,8.72,287,2025,60,"0000","T-ETIE122","","",1618579742,"","","",0,0,"DHDTC",0,""
"402BA2",53.03,-1.46,252,2025,94,"4551","F-EGNX2","C152","G-BOTG",1618579735,"EMA","","",0,320,"GBOTG",0,""
"4019F8",52.11,-0.98,294,2024,117,"7000","T-MLAT1","AA5","G-BAJN",1618579744,"","","",0,0,"GBAJN",0,""
"406751",50.73,-2.07,82,2024,108,"7366","T-MLAT1","DA42","G-DGPS",1618579727,"BOH","","",0,0,"GDGPS",0,"VOR"
"3FF92A",51.89,7.27,59,2000,64,"7000","F-EDLW2","","",1618579744,"","","",0,0,"DMMBP",0,""
"51110C",53.55,9.82,50,2000,164,"3516","F-EDHI1","AT76","ES-ATJ",1618579743,"CPH","HAM","SK649",0,-1344,"SAS649",0,"SAS"
"AE0D8E",49.07,12.10,306,2000,104,"0000","T-EDMS72","","",1618579741,"","","",0,0,"",0,""
"3D38C5",50.70,7.21,135,2000,98,"4451","T-MLAT1","C172","D-ETTD",1618579726,"","","",0,320,"DETTD",0,""
"400C8B",53.32,-2.10,262,2000,215,"7363","T-MLAT1","P68","G-HUBB",1618579740,"LPL","","",0,0,"RVR7BB",0,"RVR"
"405D62",52.42,-0.03,229,2000,72,"7000","F-EGYM1","C42","G-JENK",1618579742,"","","",0,0,"GJENK",0,""
"39763C",49.84,6.39,122,2000,89,"7000","F-ETAD1","","",1618579738,"QET","","",0,-128,"FJENX",0,""
"400A5D",52.99,-2.09,22,1999,101,"7000","T-MLAT1","C172","G-TALP",1618579742,"","","",0,0,"GTALP",0,""
"405836",52.60,-0.75,171,1999,140,"4552","T-MLAT1","PA32","G-KNCG",1618579744,"","","",0,1344,"",0,""
"A44DFE",53.38,-2.74,348,1999,143,"5052","T-MLAT1","TB21","N377C",1618579738,"","","",0,0,"N377C",0,""
"3D16FC",53.64,9.54,323,1999,98,"7740","T-MLAT1","C172","D-EGYM",1618579744,"HAM","","",0,0,"DEGYM",0,""
"3D2C85",51.70,6.72,8,1975,95,"7000","T-MLAT1","P28A","D-EPCN",1618579738,"MGL","","",0,0,"DEPCN",0,""
"407368",51.17,-1.05,152,1975,154,"0460","T-MLAT1","DA62","G-GNSS",1618579744,"ESH","","VOR7",0,320,"VOR07",0,"VOR"
"3D2344",49.72,9.36,113,1975,118,"4450","T-ETID165","","D-ELPK",1618579741,"QEF","","",0,0,"DELPK",0,""
"40116C",51.01,-1.79,217,1974,85,"7000","T-MLAT1","C42","G-CDOK",1618579724,"BOH","","",0,0,"GCDOK",0,""
"3FF495",51.36,6.75,16,1950,56,"7003","T-EDDK88","GX","D-MPPW",1618579740,"","","",0,0,"DMPPW",0,""
"3D2800",51.88,7.35,235,1950,106,"0000","T-EDDG168","A210","D-ENKA",1618579738,"","","",0,0,"DENKA",0,""
"405108",53.78,-0.87,186,1949,110,"6164","T-MLAT1","RV10","G-RRVX",1618579732,"","","",0,-384,"GRRVX",0,""
"3FF3D9",51.00,6.82,69,1925,172,"7000","F-EDDK3","WT9","D-MHIO",1618579744,"","","",0,0,"DMHOI",0,""
"3D403D",51.86,7.74,34,1925,72,"7000","T-EDLI94","","D-EWOR",1618579706,"","","",0,0,"DEWOR",0,""
"4029DB",51.90,-0.55,82,1925,112,"0000","T-FLRM1","DR40","G-LGCC",1618579741,"","","",0,-1408,"GLGCC",0,""
"3D190D",52.17,13.09,287,1925,120,"7000","T-MLAT1","SR22","D-EHSV",1618579734,"","","",0,-576,"DEHSV",0,""
"3D0F95",49.90,8.87,149,1925,37,"4450","T-EDDF147","C150","D-EEDP",1618579722,"QEF","","",0,0,"DEEDP",0,""
"43C8E2",52.01,-3.29,68,1925,109,"1177","T-EGBJ231","","",1618579746,"","","",0,-64,"SYS75",0,""
"DF1078",51.14,6.38,157,1902,111,"0000","T-FLRM1","TRIN","D-EFMD",1618579740,"","","",0,64,"DEFMD",0,""
"3D2D3C",53.35,9.95,164,1900,135,"7000","F-EDDH3","SR20","D-EPJO",1618579738,"HAM","","",0,0,"DEPJO",0,""
"403BAD",52.09,-1.69,296,1900,150,"7000","T-MLAT1","C152","G-BWNB",1618579738,"","","",0,-1088,"GBWNB",0,""
"44A888",51.23,4.00,254,1900,104,"2000","T-MLAT1","C172","OO-JDH",1618579737,"ANR","","",0,-192,"EPC13GV",0,""
"4B4489",48.61,7.50,29,1900,74,"0000","T-LFSB10","","",1618579740,"BSL","","",0,0,"HBZYV",0,""
"403BE7",51.97,0.79,269,1900,150,"7000","T-MLAT1","RF6","G-BWXJ",1618579698,"","","",0,0,"GBWXJ",0,""
"4040E8",53.81,-7.08,313,1900,116,"0000","T-MLAT1","C172","G-LAVE",1618579744,"","","",0,0,"GLAVE",0,""
"40435B",51.87,1.12,94,1900,92,"7000","T-MLAT1","HR20","G-ECAF",1618579742,"","","",0,0,"GECAF",0,""
"3D2524",51.61,6.67,80,1900,86,"7742","T-MLAT1","P28A","D-EMHW",1618579746,"QEV","","",0,-768,"DEMHW",0,""
"3FF91D",48.63,13.22,340,1900,75,"7000","F-EDDM2","","",1618579726,"","","",0,-768,"DMCLE",0,""
"3D41B5",48.76,4.22,83,1900,92,"3410","F-LFQB1","","D-EXDD",1618579743,"","","",0,-128,"DEXDD",0,""
"484810",51.32,5.93,81,1899,80,"7000","T-MLAT1","C150","PH-RIN",1618579729,"QEK","","",0,0,"PHRIN",0,""
"3D2EF0",49.59,9.41,330,1876,75,"0000","T-FLRM1","DA40","D-EQAI",1618579741,"","","",0,896,"DEQAI",0,""
"3C0C9E",50.79,7.27,317,1875,176,"5526","F-EDDL2","B738","D-ATUF",1618579741,"PMI","CGN","EW591",0,-768,"EWG7HE",0,"TUI"
"4028E5",51.96,-0.90,166,1850,87,"7000","T-EGBK59","C152","G-BNKI",1618579745,"","","",0,128,"GBNKI",0,""
"406C23",52.02,-1.48,116,1850,119,"7000","F-EGTR1","EV97","G-NILT",1618579741,"","","",0,0,"GNILT",0,""
"3D05AD",49.56,9.38,283,1833,66,"0000","T-FLRM1","C150","D-EAKB",1618579741,"","","",0,-192,"DEAKB",0,""
"4075D0",51.65,0.24,263,1825,167,"5024","F-EGSC2","S22T","G-WOWS",1618579744,"SEN","","",0,64,"GWOWS",0,""
"43C6F8",51.71,-1.80,75,1825,145,"7544","F-EGVN1","A332","ZZ335",1618579742,"","","",0,-128,"RRR2331",0,"RFR"
"407A12",51.59,0.22,281,1825,155,"5023","F-EGTR2","P32R","G-VONI",1618579745,"SEN","","",0,192,"GVONI",0,""
"4034E9",52.17,-0.96,241,1800,110,"4517","T-MLAT1","P28A","G-BTUW",1618579742,"ORM","","",0,1408,"GBTUW",0,""
"40277B",52.01,-1.38,10,1800,44,"7000","F-EGVN1","C152","G-OWOW",1618579743,"","","",0,0,"GOWOW",0,""
"4011A4",51.42,-1.17,74,1800,152,"0435","T-MLAT1","PA27","G-BSVP",1618579741,"","","",0,0,"GBSVP",0,""
"",52.82,-1.96,243,1800,69,"7000","T-EGNX213","L8","",1618579744,"","","",0,448,"L8",0,""
"4042EF",51.38,-1.65,133,1800,119,"3727","T-MLAT1","C182","G-GCYC",1618579739,"","","",0,0,"GGCYC",0,""
"3D1CF8",51.25,6.80,21,1800,214,"7003","T-EDDK88","P28A","D-EJFK",1618579739,"","","",0,0,"DEJFK",0,""
"44D1B2",51.29,4.59,238,1800,93,"2000","T-MLAT1","P28A","OO-TMR",1618579745,"ANR","","",0,512,"OOTMR",0,""
"A9C8D6",52.00,-0.50,161,1800,124,"4675","T-MLAT1","P32R","N73BL",1618579744,"QEE","","",0,-1280,"N73BL",0,""
"3D1A9F",54.14,9.59,156,1800,221,"7000","T-MLAT1","C172","D-EIIH",1618579742,"QEX","","",0,1344,"DEIIH",0,""
"3D35C4",53.88,9.41,191,1800,135,"7000","F-EDHN1","SR22","D-ESPO",1618579744,"","","",0,640,"DESPO",0,""
"300641",53.09,5.73,339,1800,52,"7000","T-EHKD113","P68","I-VICC",1618579740,"","","",0,0,"IVICC",0,""
"402939",51.62,-1.40,92,1800,49,"3707","F-EGTR1","P28A","G-BNRG",1618579744,"BZZ","","",0,-384,"GBNRG",0,""
"",48.93,2.29,67,1800,152,"1000","F-LFPG1","F2TH","",1618579742,"","","",0,-768,"F2TH",0,""
"3D3EC3",50.83,6.24,61,1799,57,"0000","T-MLAT1","C150","D-EWAD",1618579742,"AAH","","",0,704,"DEWAD",0,""
"40713C",51.54,-1.59,30,1775,100,"7000","T-MLAT1","EFOX","G-CJHT",1618579686,"","","",0,64,"GCJHT",0,""
"4032B3",53.08,-2.86,29,1750,143,"0430","T-MLAT1","PA38","G-VMCG",1618579744,"CEG","","",0,384,"GVMCG",0,""
"484E7E",52.28,6.18,75,1750,100,"0000","T-MLAT1","C172","PH-TGV",1618579745,"","","",0,576,"PHTGV",0,""
"3FF1AC",50.92,6.68,74,1750,47,"7000","T-EDDK88","","D-MPMO",1618579738,"","","",0,0,"DMPMO",0,""
"38F0BC",50.59,4.81,289,1750,149,"7000","T-EBCI89","","",1618579742,"","","",0,0,"FJGJA",0,""
"406DFA",51.62,-0.84,250,1725,84,"7000","F-EGLK2","EV97","G-GLSA",1618579745,"HYC","","",0,448,"GGLSA",0,""
"3D3D56",53.65,10.26,138,1725,93,"7000","T-EDDH387","C182","D-EVMC",1618579740,"","","",0,0,"DEVMC",0,""
"403EDA",53.11,-0.92,285,1722,125,"7000","T-MLAT1","RV6","G-RVAW",1618579728,"","","",0,320,"GRVAW",0,""
"400E73",52.14,-1.24,297,1700,121,"0420","T-MLAT1","C172","G-BOMS",1618579742,"CVT","","",0,0,"",0,""
"400FBE",51.24,0.44,141,1700,112,"1732","T-MLAT1","DA40","G-OCCG",1618579722,"ESH","","",0,0,"GOCCG",0,""
"3D2243",53.68,8.65,201,1700,111,"7000","T-MLAT1","C172","D-ELFN",1618579738,"FCN","","",0,0,"DELFN",0,""
"403B93",51.56,-1.70,282,1700,133,"3737","T-MLAT1","P28U","G-BWMI",1618579735,"","","",0,0,"GBWMI",0,""
"406BA7",53.41,-0.58,264,1700,76,"4270","T-EGXJ24","TOBA","G-CIFC",1618579742,"","","",0,0,"GCIFC",0,""
"44C1F5",51.14,4.32,178,1700,96,"7000","T-MLAT1","PA18","OO-POU",1618579730,"","","",0,0,"OOPOU",0,""
"404CDE",51.28,0.18,104,1700,91,"7000","T-MLAT1","P28A","G-CDEF",1618579744,"BQH","","",0,0,"GCDEF",0,""
"3D22CF",51.66,7.35,86,1699,120,"7000","T-MLAT1","P28A","D-ELKX",1618579731,"","","",0,0,"DELKX",0,""
"403523",52.08,-0.08,306,1650,45,"7000","F-EGGW2","FOX","G-BVAH",1618579739,"","","",0,0,"GBVAH",0,""
"AC4716",52.36,-0.23,167,1650,42,"7000","F-EGSC2","","N890U",1618579744,"","","",0,0,"GAWPN",0,""
"404C21",51.74,-0.72,104,1650,84,"0013","F-EGLK2","P28A","G-CCZV",1618579745,"QEE","","",0,64,"GCCZV",0,""
"406142",50.87,-0.87,41,1650,111,"7000","T-MLAT1","C172","G-HLOB",1618579746,"QUG","","",0,832,"GHLOB",0,""
"3EC23F",53.24,8.18,333,1650,81,"7000","F-EDWI3","RF5","D-KONF",1618579745,"","","",0,0,"DKONF",0,""
"407365",51.46,-1.53,242,1650,58,"7000","T-MLAT1","C42","G-CKGS",1618579735,"","","",0,-64,"GCKGS",0,""
"39D08B",48.68,1.86,70,1650,99,"4250","F-LFPT2","C172","F-HUEL",1618579743,"TNF","","",0,0,"FHUEL",0,""
"44B16E",51.31,4.86,65,1625,61,"2000","T-MLAT1","DR40","OO-LKN",1618579736,"ANR","","",0,-256,"OOLKN",0,""
"45B533",51.86,-0.83,281,1625,123,"4673","F-EGVN1","P68","OY-MIS",1618579740,"OXF","","",0,-64,"BIO03",0,"BIO"
"48507C",53.36,1.95,102,1625,131,"4602","F-EGSH3","A139","PH-EUJ",1618579741,"HUY","","",0,0,"PHEUJ",0,"HNL"
"400DCD",50.59,-4.88,73,1625,101,"1747","F-EGHD3","P28A","G-CDEO",1618579743,"","","",0,192,"GCDEO",0,""
"484539",52.73,5.85,225,1600,242,"7000","T-MLAT1","TOBA","PH-MLS",1618579732,"GRQ","","",0,-448,"PHMLS",0,"MPH"
"401B3B",50.83,-4.25,255,1600,94,"7000","F-EGHD3","FA24","G-BCBL",1618579743,"","","",0,0,"GBCBL",0,""
"40101D",52.45,-0.27,261,1600,100,"0000","T-MLAT1","C182","G-POPW",1618579726,"","","",0,1472,"GPOPW",0,""
"406ED0",51.91,-2.43,98,1600,127,"7000","F-EGFF4","P28A","G-MOSH",1618579743,"GLO","","",0,-384,"GMOSH",0,""
"40486D",53.94,-0.53,108,1600,63,"7000","F-EGNJ3","EV97","G-PROW",1618579743,"","","",0,-64,"GPROW",0,""
"A12A3B",53.10,6.36,237,1600,180,"7001","T-MLAT1","SR22","N174YM",1618579724,"GRQ","","",0,0,"N174YM",0,""
"485C7D",53.04,4.93,339,1600,75,"7000","T-EHKD113","TOBA","PH-MLV",1618579730,"GRQ","","",0,0,"PHMLV",0,""
"",50.68,7.14,154,1600,450,"7000","T-EDDK88","A210","",1618579735,"","","",0,0,"A210",0,""
"400BC1",51.95,0.51,132,1600,117,"7404","T-MLAT1","P68","G-RVRX",1618579740,"OXF","","",0,0,"RVR6RX",0,"RVR"
"3D0A5D",52.26,9.01,89,1600,102,"7000","T-EDDV189","SR20","D-ECEF",1618579738,"","","",0,0,"DECEF",0,""
"3E7291",53.65,8.67,305,1600,114,"7000","T-MLAT1","","D-KIOV",1618579743,"","","",0,64,"DKIOV",0,""
"4849EB",52.65,5.74,173,1600,201,"7000","T-MLAT1","C172","PH-TWK",1618579738,"","","",0,0,"PHTWK",0,""
"3D170C",53.66,9.53,296,1600,110,"7000","T-MLAT1","C172","D-EGZC",1618579744,"","","",0,0,"DEGZC",0,""
"3D2A9D",53.46,10.26,343,1599,78,"4672","T-MLAT1","","D-EOJT",1618579742,"ERF","","",0,0,"DEOJT",0,""
"4043B8",51.69,-0.94,170,1599,90,"5020","T-MLAT1","P28A","G-BZIO",1618579744,"","","",0,0,"GBZIO",0,""
"A6C917",52.94,6.39,235,1599,100,"0000","T-MLAT1","PA16","N5360H",1618579734,"","","",0,128,"N5360H",0,""
"407AE2",51.76,-0.40,57,1575,52,"5021","F-EGLC3","R44","G-ICEZ",1618579743,"QEE","","",0,256,"GICEZ",0,""
"40B100",51.97,-2.19,179,1575,98,"7000","T-MLAT1","","",1618579736,"","","",0,-256,"GCVMI",0,""
"401BBA",52.31,-0.34,180,1575,59,"7000","T-EGXJ24","C150","G-HIVE",1618579742,"","","",0,0,"GHIVE",0,""
"4036D5",52.83,-1.96,263,1575,99,"4572","F-EGBB2","C152","G-DACF",1618579731,"","","",0,-128,"GDACF",0,""
"480C21",51.41,4.23,90,1575,172,"3711","T-MLAT1","PC7","L-01",1618579743,"WOE","","",0,0,"RAZOR11",0,"NAF"
"40710D",52.16,-1.20,153,1575,110,"7000","T-MLAT1","EC20","G-WADD",1618579734,"","","",0,0,"GWADD",0,""
"3D1317",51.14,6.38,166,1550,80,"7000","T-EDDK88","DR40","D-EFMD",1618579740,"","","",0,0,"DEFMD",0,""
"3FF1BE",51.09,6.40,98,1550,71,"7000","T-EDDK88","","D-MTAP",1618579740,"","","",0,0,"DMTAP",0,""
"4070B0",51.05,-1.04,216,1550,125,"7000","T-MLAT1","C42","G-CJCO",1618579734,"","","",0,-128,"GCJCO",0,""
"44D1CF",50.96,5.89,91,1525,138,"5772","F-EDKA3","B734","OO-TNO",1618579743,"TPS","GKE","3V5012",0,-640,"TAY5012",0,"TAY"
"4079EF",52.32,-7.02,110,1525,92,"3601","F-EIWF2","C172","G-CLPK",1618579744,"ORK","","",0,-128,"GCLPK",0,""
"403E55",50.88,-1.35,89,1500,163,"3677","T-MLAT1","P28A","G-WARY",1618579702,"","","",0,0,"GWARY",0,""
"404104",49.22,-2.19,270,1500,252,"3626","T-MLAT1","P28A","G-GFTA",1618579732,"ACI","","",0,0,"GGFTA",0,""
"403197",51.69,-0.11,293,1500,76,"5022","T-MLAT1","P28A","G-KIKI",1618579742,"QEE","","",0,1600,"GKIKI",0,""
"4049AF",53.66,-3.02,44,1500,89,"3641","F-EGNR5","RV6","G-CCJI",1618579744,"","","",0,0,"GCCJI",0,""
"40183B",52.11,0.00,178,1500,97,"7000","F-EGSC2","PUP","G-AXNR",1618579718,"","","",0,-448,"GAXNR",0,""
"4046B6",53.09,-2.98,148,1500,131,"0430","T-MLAT1","P28A","G-UANT",1618579706,"BLK","","",0,0,"GUANT",0,""
"402D2D",50.80,-3.77,110,1500,72,"0440","F-EGTE3","DR40","G-LEOS",1618579743,"EXT","","",0,256,"GLEOS",0,""
"AADE1C",49.99,7.95,121,1500,137,"7000","F-EDDF1","P210","N8KR",1618579740,"QEZ","","",0,0,"N8KR",0,""
"400B17",53.35,-2.29,50,1500,216,"7364","T-MLAT1","P28A","G-ISHA",1618579743,"","","",0,0,"GISHA",0,""
"DD8233",52.92,9.52,334,1476,82,"0000","T-FLRM1","TRIN","D-EUAC",1618579722,"","","",0,0,"DEUAC",0,""
"407538",51.78,0.57,14,1475,105,"7013","T-MLAT1","NG5","G-NGAA",1618579738,"","","",0,384,"GNGAA",0,""
"401BB1",52.27,5.76,54,1475,77,"7000","T-MLAT1","C150","G-BCVH",1618579724,"","","",0,-64,"GBCVH",0,""
"3DD382",51.05,12.11,256,1475,108,"7744","F-EDDP2","R44","D-HAIS",1618579743,"","","",0,0,"DHAIS",0,""
"3E0F90",49.70,10.02,156,1450,121,"0020","T-FLRM1","EC35","D-HXCA",1618579736,"GHF","","",0,192,"CHX18",0,""
"401F0F",52.18,-1.61,70,1400,82,"7000","T-MLAT1","C152","G-BILR",1618579735,"","","",0,0,"GBILR",0,""
"4022FF",53.75,-1.20,177,1400,262,"7000","T-MLAT1","RF6","G-SFTZ",1618579735,"","","",0,0,"GSFTZ",0,""
"3D38D8",49.88,9.03,181,1400,422,"7000","T-ETID165","A210","D-ETTW",1618579686,"","","",0,0,"DETTW",0,""
"405A2D",51.99,-0.99,165,1400,86,"4520","T-MLAT1","R22","G-BMIZ",1618579734,"","","",0,0,"GBMIZ",0,"HLY"
"400D29",51.72,-0.66,293,1400,98,"0013","T-MLAT1","P28A","G-BLFI",1618579742,"QEE","","",0,0,"GBLFI",0,""
"3D2846",52.70,6.41,223,1400,100,"7000","T-MLAT1","","",1618579734,"","","",0,64,"DENMS",0,""
"4028DE",51.28,-0.79,355,1400,100,"7000","T-MLAT1","P28A","G-CLAC",1618579745,"","","",0,0,"GCLAC",0,""
"3D361F",50.90,12.16,153,1400,95,"7000","F-EDDC1","P28A","D-ESTB",1618579743,"","","",0,0,"DESTB",0,""
"48481F",52.94,6.79,204,1400,58,"7000","T-EDWF1","","",1618579742,"","","",0,0,"PHWMA",0,""
"3D1435",50.96,6.93,309,1400,173,"7047","T-MLAT1","A210","D-EFXD",1618579744,"MGL","","",0,-960,"DEFXD",0,"RWL"
"402182",51.81,0.41,208,1400,120,"7013","T-MLAT1","C150","G-TOML",1618579722,"","","",0,0,"GTOML",0,""
"44D9B8",50.82,5.27,124,1400,99,"2000","T-MLAT1","P28A","OO-VMX",1618579728,"","","",0,0,"OOVMX",0,""
"40165C",52.18,0.59,71,1400,120,"7000","T-EGSC41","C182","G-ATLA",1618579730,"","","",0,0,"GATLA",0,""
"407175",50.93,-1.83,290,1375,89,"7000","T-EGHH25","C42","G-CJIT",1618579674,"","","",0,0,"GCJIT",0,""
"400F8C",51.79,-1.28,306,1350,90,"4520","T-MLAT1","DA40","G-DAKM",1618579744,"OXF","","",0,-384,"LDG25",0,""
"4069B7",51.69,-0.50,319,1325,70,"7000","T-MLAT1","SKRA","G-NJPG",1618579742,"QEE","","",0,0,"GNJPG",0,""
"43C8F0",53.87,-1.81,269,1325,107,"2674","F-EGXU1","","",1618579745,"","","",0,-128,"SYS105",0,""
"484890",53.00,4.98,322,1325,226,"7000","T-EHKD113","BE33","PH-BNK",1618579736,"","","",0,0,"PHBNK",0,""
"406B76",50.79,-1.53,54,1300,100,"7377","T-MLAT1","G2CA","G-UMBL",1618579736,"","","",0,0,"GUMBL",0,""
"406F82",51.38,0.74,336,1300,105,"4575","T-MLAT1","P28A","G-CIZO",1618579740,"","","",0,64,"GCIZO",0,""
"40395D",52.05,-1.62,70,1300,70,"7000","T-MLAT1","ULAC","G-MYTY",1618579727,"","","",0,0,"GMYTY",0,""
"3D0C0A",51.50,6.99,118,1300,243,"7000","T-MLAT1","P28A","D-ECUS",1618579746,"ESS","","",0,-320,"DECUS",0,""
"A316F0",53.35,7.94,23,1300,150,"7000","F-EDWI1","M20P","N299AG",1618579743,"","","",0,-384,"N299AG",0,""
"45B5D3",53.16,-5.72,77,1300,120,"0431","F-EIDW3","P68","OY-MNS",1618579741,"","","",0,-64,"BIO05",0,"BIO"
"391930",50.97,2.02,324,1300,82,"7000","F-LFQT1","DR40","F-GGJQ",1618579739,"","","",0,-320,"FGGJQ",0,""
"4060AE",52.13,-2.17,64,1300,169,"7000","T-MLAT1","DIMO","G-OSFB",1618579728,"","","",0,0,"GOSFB",0,""
"40522B",53.16,-2.50,149,1286,119,"7000","T-MLAT1","C172","G-NWFC",1618579742,"","","",0,1152,"GNWFC",0,""
"43C76F",51.56,-2.37,140,1275,293,"1177","T-MLAT1","","",1618579723,"","","",0,-320,"TALON30",0,""
"4031BF",53.47,-2.36,142,1275,87,"7365","T-MLAT1","P28A","G-LACB",1618579742,"","","",0,-384,"GLACB",0,""
"38C49C",50.78,3.68,172,1275,37,"0000","T-EBKT44","","",1618579670,"","","",0,0,"FJUOS",0,""
"40361F",51.33,0.40,252,1250,102,"7000","F-EGMD1","P28A","G-BUIJ",1618579745,"RCS","","",0,320,"GBUIJ",0,""
"4048A3",51.28,-2.71,43,1250,46,"7000","T-EGGD114","SF25","G-KWAK",1618579728,"","","",0,256,"GKWAK",0,""
"3D1C3B",51.93,8.52,82,1225,61,"7000","T-EDDV189","C152","D-EIYD",1618579686,"VAC","","",0,0,"DEIYD",0,""
"3E609D",51.12,6.62,276,1225,60,"7000","T-EDDK88","SF25","D-KBUB",1618579739,"","","",0,0,"DKBUB",0,""
"3D0C3C",53.55,9.70,119,1200,135,"4673","T-MLAT1","C172","D-ECWQ",1618579744,"","","",0,896,"DECWQ",0,""
"3D0D71",53.91,9.55,275,1200,97,"7000","T-MLAT1","","",1618579742,"KEL","","",0,-1728,"DEDIN",0,""
"4841D8",52.25,4.63,57,1200,145,"1154","F-EHRD3","B737","PH-XRY",1618579743,"LIS","AMS","HV5956",0,-384,"TRA96X",0,"TRA"
"402941",51.92,0.60,40,1200,77,"7000","T-MLAT1","C152","G-BNRL",1618579698,"","","",0,0,"GBNRL",0,""
"484BCE",51.43,5.49,292,1200,106,"5471","T-MLAT1","DR40","PH-NCD",1618579738,"","","",0,768,"PHNCD",0,""
"407840",50.76,0.25,154,1200,99,"7000","F-EGMD1","TL20","G-DBSB",1618579744,"","","",0,-896,"GDBSB",0,""
"4034A2",53.30,-3.22,309,1200,106,"0430","T-MLAT1","P28A","G-BTRS",1618579724,"","","",0,0,"GBTRS",0,""
"402B1E",53.60,-2.53,255,1199,199,"3660","T-MLAT1","C152","G-BONW",1618579734,"","","",0,0,"GBONW",0,""
"406116",53.56,-2.51,140,1175,78,"7365","T-EGNO90","C152","G-CGFG",1618579738,"","","",0,0,"GCGFG",0,""
"3D0B85",53.19,6.61,241,1175,91,"7000","F-EHGG3","C150","D-ECPP",1618579744,"GRQ","","",0,0,"DECPP",0,""
"3D24E4",50.00,8.80,243,1150,142,"4450","F-EDDF6","SR20","D-EMFK",1618579743,"QER","","",0,-256,"DEMFK",0,""
"404B1C",52.07,-0.06,303,1150,62,"7000","T-EGGW109","EV97","G-CCTH",1618579744,"","","",0,0,"GCCTH",0,""
"4073D1",52.13,-0.01,3,1150,73,"7013","F-EGLC3","EFOX","G-JBVP",1618579737,"","","",0,0,"GJBVP",0,""
"3DDC04",51.38,7.23,58,1150,131,"0000","T-EDDK88","EC45","D-HDOM",1618579739,"","","",0,0,"DHDOM",0,""
"4078F7",53.21,1.32,182,1125,147,"7415","F-EGSH3","A139","G-NHVN",1618579744,"NWI","DHR","NHX21",0,0,"NHX21",0,"NHX"
"400A17",51.31,-0.95,244,1125,112,"7000","T-EGLK86","C77R","G-BFIV",1618579723,"BBS","","",0,512,"GBFIV",0,""
"40148C",51.48,-0.94,108,1121,80,"7000","T-MLAT1","DH82","G-ANFM",1618579744,"","","",0,256,"GANFM",0,""
"44D9A1",51.06,3.32,335,1100,62,"0000","T-EBKT44","EVSS","OO-VMA",1618579736,"","","",0,0,"",0,""
"3D4101",49.97,8.62,202,1100,77,"4441","T-EDDF147","DV20","D-EWWF",1618579732,"QEF","","",0,0,"DEWWF",0,""
"402DA5",53.81,-0.82,130,1100,77,"4274","T-MLAT1","P28A","G-SACT",1618579739,"","","",0,0,"GSACT",0,"ADV"
"406723",52.03,-1.63,83,1100,100,"7000","T-MLAT1","EV97","G-LBAC",1618579739,"","","",0,-192,"GLBAC",0,""
"3FECDE",50.97,6.69,73,1075,60,"0000","F-EDDK3","CH60","D-MIPL",1618579744,"","","",0,0,"DMIPL",0,""
"3FEECC",53.61,9.60,57,1075,267,"7000","T-EDHI49","","D-MZKA",1618579739,"","","",0,0,"DMGDH",0,""
"400D01",50.77,-1.93,68,1075,111,"7352","T-MLAT1","DA42","G-CTCE",1618579686,"BOH","","",0,-768,"GCTCE",0,"EXM"
"3CD6E9",51.38,6.96,242,1050,194,"7000","T-MLAT1","D328","D-CIRP",1618579736,"MHG","ESS","M2704",0,0,"MHV704",0,"MHV"
"",50.63,-6.21,103,1050,132,"0023","F-EGHE1","S92","",1618579743,"","","",0,-64,"S92",0,""
"4071C9",51.90,0.06,97,1025,132,"7411","F-EGMC3","A169","G-CMCL",1618579741,"","","",0,-256,"GCMCL",0,""
"404F8B",53.58,-2.96,189,1025,68,"7000","F-EGNO2","C42","G-CDYT",1618579745,"","","",0,0,"GCDYT",0,""
"405E5D",51.93,-0.70,103,1025,69,"7000","T-MLAT1","EV97","G-CFRT",1618579678,"","","",0,0,"GCFRT8",0,""
"401ED9",54.09,-0.16,221,1025,92,"4271","F-EGNJ3","C152","G-BIDH",1618579745,"","","",0,0,"GBIDH",0,""
"4079E6",49.96,-6.22,244,1000,373,"7356","T-MLAT1","A109","G-GOSP",1618579746,"LEQ","","",0,-128,"",0,""
"401C71",52.81,-1.82,235,1000,104,"7000","T-MLAT1","P28A","G-TALG",1618579698,"","","",0,0,"GTALG",0,""
"484846",52.21,6.18,259,1000,59,"7000","F-EHTW3","DIMO","PH-1133",1618579742,"","","",0,0,"PH1133",0,""
"484438",52.50,5.54,141,1000,100,"7000","T-MLAT1","DA40","PH-FLD",1618579741,"","","",0,-128,"PHFLD",0,""
"448699",51.28,4.72,109,1000,100,"2000","T-MLAT1","","OO-ATY",1618579727,"","","",0,512,"OOATY",0,""
"401127",50.08,-5.66,182,1000,100,"0000","F-EGHE3","DHC6","G-BIHO",1618579744,"LEQ","","",0,704,"GBIHO",0,"IOS"
"400D43",51.73,-0.37,186,1000,139,"7000","T-MLAT1","AS55","G-LINE",1618579698,"","","",0,0,"GLINE",0,"KNM"
"DD854B",52.02,11.87,66,987,63,"0000","T-FLRM1","TRIN","D-KBBB",1618579741,"","","",0,-256,"DKBBB",0,""
"44A7C2",51.22,3.18,337,975,103,"7000","F-EHWO3","MC10","OO-I06",1618579742,"","","",0,0,"OOI06",0,""
"401E0A",53.27,-2.87,348,974,398,"5050","T-MLAT1","PA38","G-RVRK",1618579729,"CEG","","",0,192,"GRVRK",0,"RVR"
"403D60",53.12,-2.61,191,959,108,"7000","T-MLAT1","TOBA","G-BXLT",1618579733,"BLK","","",0,0,"GBXLT",0,""
"4079C7",51.95,-1.43,250,950,82,"7000","F-EGTK3","P28A","G-CLLR",1618579741,"OXF","","",0,320,"GCLLR",0,""
"4076C8",51.03,-0.20,246,925,115,"3751","F-EGKK2","R66","G-ICEL",1618579738,"","","",0,128,"GICEL",0,""
"3ECD02",49.33,8.45,2,925,63,"7000","T-EDFM175","SF25","D-KSPE",1618579742,"","","",0,0,"DKSPE",0,""
"4011AC",53.18,-2.66,275,925,125,"5050","F-EGNR5","C182","G-ZINC",1618579741,"","","",0,-192,"GZINC",0,""
"3D3235",49.96,8.92,257,900,184,"7000","T-ETID165","A210","D-ERGN",1618579714,"","","",0,0,"DERGN",0,""
"4013E2",51.46,-0.98,82,900,58,"7000","T-MLAT1","CP65","G-AFZL",1618579745,"","","",0,0,"GAFZL",0,""
"400E3C",53.53,-4.37,317,900,114,"0000","T-MLAT1","R44","G-LVIE",1618579694,"","","",0,0,"GLVIE",0,""
"4CAB37",52.19,-7.03,220,900,70,"2631","F-EIWF2","C172","EI-GRX",1618579744,"WAT","","",0,256,"EIGRX",0,""
"40738F",51.51,-0.09,285,900,56,"7044","T-MLAT1","R66","G-JSAW",1618579730,"HYC","","",0,-448,"GJSAW",0,""
"406526",53.56,-3.11,282,900,78,"7000","T-MLAT1","C42","G-MPHY",1618579682,"","","",0,320,"GMPHY",0,""
"3D13EE",52.32,10.48,176,900,88,"7000","T-EDDF213","C172","D-EFUK",1618579741,"BWE","","",0,0,"DEFUK",0,""
"200000",50.35,8.76,133,900,87,"4450","T-EDDF435","","",1618579738,"","","",0,0,"ID",0,""
"4073C4",53.57,-2.54,322,900,71,"7365","F-EGNO2","C42","G-ZOMB",1618579742,"","","",0,-192,"GZOMB",0,""
"4849A0",52.22,5.96,225,900,110,"7000","T-MLAT1","DV20","PH-ACX",1618579741,"","","",0,0,"PHACX",0,""
"403060",52.05,-0.60,219,900,43,"7000","T-EGXJ24","P28A","G-BRTX",1618579744,"","","",0,0,"GBRTX",0,""
"3D0642",52.35,10.56,354,900,86,"7000","T-EDDF213","C172","D-EAPU",1618579741,"BWE","","",0,0,"DEAPU",0,""
"4061FE",52.06,-2.10,291,900,62,"7000","T-MLAT1","R44","G-CGGS",1618579737,"GLO","","",0,0,"GCGGS",0,""
"484731",52.49,5.40,119,875,98,"7000","T-MLAT1","C150","PH-SKF",1618579742,"LEY","","",0,320,"PHSKF",0,""
"398866",48.75,-3.53,291,875,118,"7000","T-MLAT1","DR40","F-HCDG",1618579674,"LAI","","",0,0,"FHCDG",0,""
"A16632",53.25,-2.82,316,875,135,"5050","F-EGNR1","S22T","N19DW",1618579742,"GLO","","",0,128,"N19DW",0,""
"43ED0E",51.67,0.26,346,850,125,"7000","F-EGLF2","SR22","2-SING",1618579745,"","","",0,0,"2SING",0,""
"407620",52.04,-0.61,213,824,104,"7000","T-MLAT1","DA40","G-CTSP",1618579698,"","","",0,-256,"GCTSP",0,"EAD"
"484B10",52.59,5.62,259,800,132,"7000","T-EHKD113","TAMP","PH-IIS",1618579741,"LEY","","",0,0,"PHIIS",0,"AIS"
"394DC2",48.58,3.03,250,800,86,"7000","T-LFPO118","A210","F-GTOC",1618579745,"","","",0,448,"FGTOC",0,""
"44A4D2",52.30,4.52,186,800,121,"7000","T-MLAT1","P28A","OO-IFR",1618579736,"","","",0,0,"OOIFR",0,""
"400CF2",52.21,-1.63,186,800,126,"7000","T-MLAT1","P28A","G-CDDG",1618579733,"","","",0,0,"GCDDG",0,""
"3D201E",52.22,9.91,229,800,0,"7000","T-EDDV138","DV20","D-EKKK",1618579707,"ZNO","","",0,0,"",0,""
"4643C5",49.22,7.40,302,800,0,"0000","F-EDRZ1","PC12","OH-ZRH",1618579708,"ZQW","","",0,0,"FSF100A",0,""
"404F68",50.99,-1.13,23,800,51,"7011","T-EGHH25","C42","G-CDVI",1618579674,"BBP","","",0,0,"GCDVI",0,""
"3D20F6",52.73,4.66,51,800,679,"7000","T-EHKD113","M20P","D-EKSS",1618579740,"RTM","","",0,0,"DEKSS",0,""
"407B1E",50.88,-1.35,98,800,80,"3673","T-EGHH25","","",1618579674,"","","",0,0,"GCLWB",0,""
"406EAA",53.31,-3.15,287,800,85,"5060","T-MLAT1","C42","G-CIWT",1618579746,"","","",0,-256,"GCIWT",0,""
"3D04E6",49.49,11.07,121,800,79,"0000","T-EDDN280","C172","D-EACK",1618579726,"NUE","","",0,0,"",0,""
"3DFAB3",50.32,8.92,126,750,72,"0000","T-ETID150","R22","D-HPEP",1618579694,"QER","","",0,0,"DHPEP",0,""
"",51.35,-2.16,270,750,89,"0000","F-EGGD1","B429","",1618579744,"","","",0,1344,"B429",0,""
"ACFCA4",51.29,4.79,91,750,137,"2000","F-EBAW1","BE36","N936HB",1618579743,"","","",0,576,"N936HB",0,""
"43C8B7",53.01,-0.55,260,750,77,"2601","T-EGXJ24","","",1618579678,"","","",0,0,"CWL86",0,""
"406F65",51.18,-0.64,315,725,141,"0014","F-EGLF2","A169","G-KSST",1618579742,"","","",0,0,"HLE21",0,"PLC"
"407267",53.89,-1.69,138,725,133,"7241","F-EGXU1","B738","G-DRTA",1618579745,"LBA","LBA","",0,-960,"EXS030F",0,"EXS"
"407AF6",52.97,-1.48,328,712,144,"0020","T-MLAT1","A109","G-DRLA",1618579741,"EMA","","",0,-64,"HLE54",0,""
"4074BF",51.24,1.24,243,700,118,"0003","F-EGNX5","A169","G-KSSC",1618579744,"","","",0,0,"HLE60",0,"PLC"
"4845F8",51.49,5.29,147,700,129,"5470","T-MLAT1","TOBA","PH-COP",1618579729,"EIN","","",0,-1280,"PHCOP",0,""
"4079E3",52.29,-1.46,227,700,134,"0420","T-MLAT1","P28A","G-LGAN",1618579738,"","","",0,0,"GLGAN",0,""
"394DF2",50.73,2.99,40,700,59,"7000","F-EBOS1","DR40","F-GTPS",1618579742,"","","",0,-128,"FGTPS",0,""
"406F53",52.32,-1.49,309,700,116,"0420","T-MLAT1","P28A","G-COVC",1618579743,"CVT","","",0,0,"GCOVC",0,""
"3D2491",49.29,8.49,200,700,74,"7000","F-EDFM1","","",1618579743,"","","",0,0,"DEMCF",0,""
"405666",52.33,-0.28,78,700,59,"7000","T-MLAT1","C152","G-CEZM",1618579678,"","","",0,-1216,"GCEZM",0,""
"401F41",52.88,-1.63,270,675,81,"7000","T-EGNX146","C152","G-ODAC",1618579737,"","","",0,-192,"GODAC",0,""
"38FCFB",51.05,4.31,275,675,109,"7000","F-EBBR3","RV9","F-PDAD",1618579744,"BRU","","",0,0,"FPDAD",0,""
"43C071",52.01,0.09,24,675,110,"7032","T-MLAT1","EH10","ZJ122",1618579710,"","","",0,-64,"JNGLY22",0,"RFR"
"4041C7",51.61,0.09,189,650,120,"7000","T-MLAT1","C152","G-BYMJ",1618579670,"","","",0,0,"GBYMJ",0,"STL"
"4033D8",51.68,0.14,263,650,148,"7000","T-MLAT1","C152","G-BTGW",1618579745,"","","",0,-256,"GBTGW",0,"STL"
"",51.62,0.25,349,650,103,"7000","F-EGLC3","RV12","",1618579743,"","","",0,-320,"RV12",0,""
"DDB2C3",52.00,6.81,147,649,80,"0000","T-FLRM1","A210","",1618579738,"","","",0,-192,"DELTP",0,""
"DDFD35",48.82,2.05,113,639,70,"0000","T-FLRM1","TRIN","F-GDKL",1618579731,"","","",0,-576,"FGDKL",0,""
"44CC21",51.03,4.21,303,625,0,"2000","T-EBBR297","DV20","OO-SAA",1618579717,"","","",0,0,"OOSAA",0,""
"3D349E",52.15,7.66,247,625,74,"7042","F-EDDG2","BREZ","D-ESEG",1618579745,"FMO","","",0,0,"DESEG",0,""
"4077F3",51.64,0.09,205,600,151,"7000","T-MLAT1","C152","G-ISMC",1618579727,"","","",0,-320,"GISMC",0,"STL"
"400E0B",51.23,-0.24,216,600,112,"7012","T-MLAT1","R44","G-PGGY",1618579746,"KRH","","",0,0,"",0,""
"404ABA",51.67,0.07,216,600,268,"7000","T-MLAT1","P28A","G-NUKA",1618579742,"NWI","","",0,-768,"GNUKA",0,""
"485C5B",51.96,5.03,130,600,90,"7000","F-EHWO1","P06T","PH-KIO",1618579745,"","","",0,192,"PHKIO",0,""
"4035E1",52.05,-1.14,144,600,99,"7000","T-EGSC41","P28A","G-BUFY",1618579744,"NHT","","",0,0,"GBUFY",0,""
"406C1B",51.72,0.11,233,600,55,"0031","T-MLAT1","EXPL","G-CNWL",1618579742,"","","",0,0,"HLE55",0,"PLC"
"407771",51.19,-1.04,86,583,34,"0000","T-FLRM1","DR40","G-CLDL",1618579740,"","","",0,0,"GCLDL",0,""
"406A98",50.63,5.43,45,550,87,"5150","T-EBLG57","PA34","G-OXFA",1618579698,"LGG","","",0,-832,"GOXFA",0,"OXF"
"406988",50.85,0.03,126,550,74,"0000","F-EGKA3","EFOX","G-XFOX",1618579745,"","","",0,640,"GXFOX",0,""
"4010FB",51.54,-0.73,217,530,131,"7031","T-MLAT1","AS55","G-OASP",1618579743,"HYC","","",0,-1216,"GOASP",0,"TOA"
"401CE7",51.62,0.16,108,525,155,"7000","T-MLAT1","C152","G-BFFW",1618579674,"","","",0,-320,"GBFFW",0,"STL"
"392AE2",48.99,2.51,84,500,120,"5213","F-LFPG1","A320","F-GKXC",1618579738,"LIS","CDG","AF1025",0,-576,"AFR94SR",0,"AFR"
"3D1244",53.06,8.52,339,500,87,"0000","F-EDWI3","P28A","D-EFEA",1618579745,"","","",0,384,"DEFEA",0,""
"404E6B",53.49,-2.36,163,500,56,"7365","F-EGNR5","EV97","G-CDOA",1618579735,"","","",0,0,"GCDOA",0,""
"401B4B",52.10,0.16,55,500,0,"7000","T-EGSC41","C150","G-BCDY",1618579744,"","","",0,0,"GBCDY",0,""
"401225",51.36,-0.64,270,500,209,"7000","T-MLAT1","P28T","G-BGVN",1618579670,"","","",0,-512,"GBGVN",0,""
"406C4C",51.71,0.11,232,500,95,"7000","T-MLAT1","C152","G-LOMN",1618579745,"","","",0,-320,"GLOMN",0,""
"402DA4",53.77,-1.29,279,500,109,"7000","T-MLAT1","P28A","G-SACS",1618579682,"","","",0,0,"GSACS",0,""
"484FA2",52.78,6.52,185,500,109,"7000","T-EHGG18","P28A","PH-TGL",1618579742,"GRQ","","",0,0,"PHTGL",0,""
"44D8D2",50.75,5.20,135,500,321,"2000","T-EBLG40","P28A","OO-VFR",1618579742,"","","",0,0,"OOVFR",0,""
"40177B",53.31,-2.91,266,499,112,"7010","T-MLAT1","P28A","G-KIMZ",1618579706,"LPL","","",0,-384,"GKIMZ",0,""
"402CC5",53.60,-3.04,303,475,95,"7000","F-EGGP1","DR40","G-JUDE",1618579745,"","","",0,-384,"GJUDE",0,""
"4845C0",53.45,4.75,338,475,125,"4325","F-EHKD2","A139","PH-SHP",1618579740,"DHR","","",0,64,"HNL25C",0,"HNL"
"3DDC53",52.78,13.30,144,475,123,"0000","T-EDDT52","EC35","D-HDRN",1618579741,"","","",0,192,"",0,"AMB"
"400AB0",52.34,-1.52,263,475,136,"0420","T-MLAT1","P28U","G-GPMW",1618579741,"NQT","","",0,-192,"GGPMW",0,""
"401A92",52.56,-0.35,249,450,67,"7000","T-EGWZ4","C150","G-BAXU",1618579743,"","","",0,0,"GBAXU",0,""
"402C57",53.34,-2.93,147,441,89,"5050","T-MLAT1","PA38","G-LFSH",1618579731,"LPL","","",0,-1024,"GLFSH",0,""
"4848CD",52.34,5.11,327,400,111,"7000","T-EHKD113","TAMP","PH-AIS",1618579735,"LEY","","",0,0,"PHAIS",0,""
"3D46C6",49.94,8.63,138,400,105,"4441","T-EDDF147","C152","D-EZBA",1618579702,"QEF","","",0,0,"DEZBA",0,""
"401E80",52.92,-1.07,16,400,86,"7000","F-EGNX4","P28A","G-BHRC",1618579745,"NQT","","",0,-320,"GBHRC",0,""
"4069DC",51.62,-0.55,139,399,106,"7000","T-MLAT1","C152","G-CICC",1618579694,"","","",0,0,"GCICC",0,""
"44CC27",51.00,4.17,139,375,0,"7000","T-EBBR297","P28A","OO-SAG",1618579741,"BRU","","",0,0,"OOSAG",0,""
"4040F3",51.66,-2.09,79,350,66,"7000","T-EGBP4","P28A","G-EDGI",1618579742,"GBA","","",0,-448,"GEDGI",0,""
"484F60",53.53,8.07,19,350,182,"3140","T-MLAT1","DA42","PH-MFA",1618579738,"GRQ","WVN","",0,1152,"KLM7918",0,""
"3C65CC",51.46,-0.54,89,350,127,"2565","F-EGLL2","A20N","D-AINL",1618579745,"FRA","LHR","LH908",0,-960,"DLH908",0,"DLH"
"43C8C1",52.97,-0.48,158,350,26,"7010","T-EGXJ24","","",1618579728,"","","",0,0,"CWL95",0,""
"4854AF",53.47,5.59,90,325,135,"7000","F-EHKD2","BE36","PH-ALB",1618579735,"","","",0,-384,"PHALB",0,""
"",53.21,-4.08,77,325,123,"0023","F-EGCK1","S92","",1618579738,"","","",0,1024,"S92",0,""
"4027AA",51.60,-0.84,175,300,115,"7000","T-MLAT1","C152","G-WACE",1618579745,"HYC","","",0,-704,"GWACE",0,""
"43C8F6",52.62,-2.94,62,300,95,"7421","T-EGNR79","","",1618579725,"","","",0,-448,"SYS120",0,""
"3D0565",52.18,9.96,75,300,46,"7000","T-EDDV138","DV20","D-EAHH",1618579739,"ZNO","","",0,0,"DEAHH",0,""
"3D419B",53.05,8.73,82,300,60,"1121","T-EDDV189","SR22","D-EXCD",1618579742,"HAM","","",0,0,"DEXCD",0,""
"44A00F",50.74,3.47,21,275,41,"7000","F-EBKT2","VL3","OO-H83",1618579694,"","","",0,0,"OOH83",0,""
"400AEB",51.65,-0.38,197,275,98,"7000","T-MLAT1","P28A","G-DJJA",1618579702,"QEE","","",0,-320,"GDJJA",0,""
"484C81",52.06,5.91,345,259,1,"0000","T-FLRM1","LS10","PH-1410",1618579715,"","","",0,0,"PH1410",0,""
"484728",52.06,5.94,0,232,0,"0000","T-FLRM1","HUSK","PH-ELT",1618579721,"","","",0,0,"PHELT",0,""
"404A8B",52.50,0.10,111,225,59,"7000","F-EGSC2","C42","G-CCNT",1618579745,"","","",0,0,"GCCNT",0,""
"4074B5",49.21,-2.18,83,225,135,"1211","F-EGJB3","A20N","G-UZHE",1618579744,"JER","LGW","U2894",0,2944,"EZY48AV",0,"EZY"
"DDE623",50.71,-2.22,2,200,38,"0000","T-FLRM1","TRIN","G-ATRG",1618579739,"","","",0,0,"GATRG",0,""
"3E5D2A",51.59,7.71,96,196,6,"0000","T-FLRM1","SF25","D-KAMC",1618579738,"","","",0,0,"DKAMC",0,""
"403161",52.13,7.67,180,170,7,"0000","T-FLRM1","M6","G-MOUL",1618579675,"","","",0,0,"GMOUL",0,""
"403240",52.68,1.26,213,150,87,"3707","F-EGSH4","P28A","G-BSSC",1618579743,"NWI","","",0,-768,"GBSSC",0,""
"43C8F1",52.81,-2.42,68,150,48,"7421","T-EGNR21","","",1618579744,"","","",0,-448,"SYS57",0,""
"DDD5CB",52.14,-1.85,255,127,7,"0000","T-FLRM1","TRIN","G-BGGD",1618579734,"","","",0,0,"GBGGD",0,""
"484672",51.78,5.88,180,111,0,"0000","T-FLRM1","G109","PH-745",1618579739,"","","",1,64,"PH745",0,""
"4062DD",53.21,-3.39,217,104,0,"0000","T-FLRM1","DUOD","G-IGLI",1618579739,"","","",1,0,"GIGLI",0,""
"3ECEEC",51.66,6.59,180,78,0,"0000","T-FLRM1","SF25","D-KTIA",1618579661,"","","",1,0,"DKTIA",0,""
"398568",49.00,2.58,85,75,117,"1000","F-LFPG1","E190","F-HBLI",1618579726,"PUF","CDG","AF7535",0,-704,"AFR93XT",0,"AFR"
"DD9FF5",52.46,7.18,324,55,0,"0000","T-FLRM1","DUOD","D-KHCT",1618579722,"","","",1,0,"DKHCT",0,""
"781941",50.04,8.57,69,50,181,"7641","F-EDDF6","B77L","B-20EN",1618579744,"FRA","PVG","CZ462",0,448,"CSN462",0,"CSN"
"40097C",51.47,-0.49,271,0,0,"2000","F-EGLL2","A320","G-EUUA",1618579745,"LHR","","",1,0,"",0,"BAW"
"3CFDEC",53.63,9.98,140,0,17,"2333","F-EDDH3","C56X","D-CXLS",1618579745,"GIB","","",1,0,"AHO458T",0,"AHO"
"486257",52.31,4.74,2,0,47,"3176","F-EHAM1","E295","PH-NXA",1618579709,"AMS","BGO","KL1189",1,0,"KLM33Y",0,"KLM"
"3964E9",48.73,2.36,271,0,0,"2000","T-LFPV15","B738","F-GZHJ",1618579662,"ORY","","",1,0,"",0,"TRA"
"4D20CD",51.28,-0.77,131,0,0,"2000","F-EGLF2","GLEX","9H-VJG",1618579742,"FAB","","VJT796",1,0,"VJT796",0,"VJT"
"",51.28,-0.78,356,0,0,"0000","T-EGLF99","GL5T","",1618579713,"","","",1,0,"GL5T",0,""
"3C65CA",50.05,8.56,222,0,0,"3515","F-EDDF1","A20N","D-AINJ",1618579744,"OSL","FRA","LH861",1,0,"DLH8JT",0,"DLH"
"407698",51.47,-0.44,180,0,13,"6360","F-EGLL2","A35K","G-VJAM",1618579743,"LHR","LAX","VS23",1,0,"VIR23J",0,"VIR"
"3C41F1",53.63,10.00,64,0,11,"0000","T-EDDH320","","",1618579673,"HAM","","",1,0,"",0,""
"4CA76F",53.42,-6.24,195,0,3,"1424","F-EIDW3","A320","EI-EDP",1618579740,"DUB","LHR","EI168",1,0,"EIN168E",0,"EIN"
"345657",50.98,10.96,278,0,7,"4353","F-EDDE2","A332","EC-MTU",1618579745,"ERF","PVG","",1,0,"PLM933P",0,"PLM"
"471F92",51.51,7.61,89,0,0,"6425","F-EDLW2","A320","HA-LYW",1618579745,"DTM","IEV","W67302",1,0,"WZZ7302",0,"WZZ"
"4074F3",51.88,-0.38,180,0,0,"0000","T-EGGW231","C56X","G-CKUB",1618579732,"LTN","","",1,0,"EDC361",0,"EDC"
"398408",48.60,-3.82,315,0,0,"3314","F-LFRU3","P180","F-HBAI",1618579745,"MXN","","",1,0,"FHBAI",0,""
"",48.95,2.44,249,0,0,"2000","T-LFPI107","GLEX","",1618579744,"","","",1,0,"GLEX",0,""
"485355",52.45,5.52,42,0,0,"7000","F-EHLE2","G2CA","PH-HCF",1618579742,"LEY","","",1,0,"PHHCF",0,""
"407943",51.47,-0.48,15,0,0,"0715","F-EGLL2","A35K","G-XWBG",1618579742,"BLR","LHR","BA118",1,0,"BAW118",0,"BAW"
"4072C8",51.88,-0.37,186,0,0,"0000","T-EGXU20","A20N","G-UZHB",1618579706,"LTN","","",1,0,"",0,"EZY"
"3C6469",53.63,10.00,90,0,10,"0000","T-EDDH218","A320","D-AICI",1618579741,"HAM","PMI","DE1542",1,0,"CFG5CK",0,"CFG"
"40756E",52.46,-1.73,239,0,1,"1410","F-EGBB2","A320","G-EZGX",1618579743,"BHX","BFS","U2198",1,0,"EZY624L",0,"EZY"
"0A0097",48.95,2.44,28,0,19,"0000","T-LFPB67","C56X","7T-VNM",1618579729,"LBG","","",1,0,"",0,""
"4068E1",49.91,-6.29,169,0,0,"7000","F-EGHE4","DHC6","G-ISSG",1618579742,"ISC","EXT","IOS514",1,0,"IOS514Q",0,"IOS"
"406F75",51.47,-0.48,294,0,0,"4222","F-EGLL2","B789","G-ZBKI",1618579741,"LHR","SFO","BA287",1,0,"BAW287",0,"BAW"
"3C42A3",52.36,13.53,158,0,0,"0000","T-EDDB81","","",1618579729,"BER","","",1,0,"",0,""
"4D208A",51.28,-0.79,205,0,0,"0000","T-EGLF100","GLEX","9H-VJF",1618579744,"FAB","","VJT754",1,0,"VJT754",0,"VJT"
"3C66E1",50.04,8.56,171,0,12,"2521","F-EDDF6","A320","D-AIWA",1618579734,"FRA","CTA","LH306",1,0,"DLH5NF",0,"DLH"
"48548E",52.31,4.74,182,0,21,"3144","F-EHAM3","E75L","PH-EXL",1618579745,"AMS","VIE","KL1843",1,0,"KLM1843",0,"KLM"
"48C227",51.88,0.23,312,0,13,"0512","F-EGLC3","B738","SP-RSH",1618579710,"STN","POZ","FR2336",1,0,"RYR35AZ",0,"RYR"
"40598E",52.61,-1.03,50,0,31,"7000","F-EGNX4","R44","G-LINJ",1618579706,"","","",1,-192,"GLINJ",0,""
"484ACC",52.32,4.75,267,0,28,"3155","F-EHAM3","E190","PH-EZB",1618579735,"AMS","CPH","KL1131",1,0,"KLM15E",0,"KLM"
"4CC3EE",49.95,7.27,241,0,0,"4125","T-EDFH18","B744","TF-AMN",1618579737,"HHN","LGG","",1,0,"ABD345P",0,"ABD"
"3809DA",53.54,9.82,14,0,1,"0000","T-EDHI152","A388","F-WWAV",1618579745,"XFW","","",1,0,"MAU",0,"AIB"
"4BCDE4",51.28,6.75,19,0,0,"7657","T-EDLE10","B738","TC-SOD",1618579744,"DUS","ADB","XQ959",1,0,"SXS6JN",0,"SXS"
"3C7D87",50.97,6.03,272,0,1,"0000","T-ETNG44","F100","D-AOLG",1618579745,"","","",1,0,"TAY633P",0,"ATV"
"89644F",53.63,10.00,18,0,0,"1333","T-EDDH83","B77W","A6-EPZ",1618579736,"HAM","DXB","EK60",1,0,"UAE60",0,"UAE"
"4005BA",51.47,-0.48,357,0,4,"4027","F-EGLL2","B772","G-VIIB",1618579744,"ABV","LHR","BA82",1,0,"BAW82",0,"BAW"
"402C73",51.62,-2.48,210,0,103,"7000","T-EGTG139","P28A","G-BPAF",1618579706,"","","",0,0,"GBPAF",0,""
"39856F",49.01,2.55,345,0,7,"0655","T-LFPI107","E190","F-HBLP",1618579733,"CDG","GOT","AF1452",1,0,"AFR12YN",0,"AFR"
"3951C2",49.01,2.55,163,0,24,"6320","F-LFPG1","B77L","F-GUOC",1618579745,"ORD","CDG","AF6731",1,0,"AFR6731",0,"AFR"
"0100A2",51.19,2.84,76,0,130,"1000","F-LFQT1","A332","SU-GCE",1618579739,"CAI","JNB","MSX514",0,-704,"MSR542",0,"MSX"
"3FF8F3",52.26,8.74,307,0,114,"7000","F-EDDV5","WT9","D-MNVA",1618579745,"","","",0,-384,"DMNVA",0,""
"407B3C",51.32,0.03,295,0,7,"7000","F-EGLC3","SR20","G-TTEA",1618579708,"BQH","","",1,0,"GTTEA",0,""
"3965A5",48.73,2.36,343,0,8,"2000","T-LFPN31","B77W","F-GZNF",1618579678,"ORY","","",1,0,"",0,"AFR"
"406DA8",53.18,-2.98,41,0,10,"0430","F-EGNR5","O1","G-JDOG",1618579745,"","","",1,0,"GJDOG",0,""
"402AB6",53.47,-2.39,256,0,71,"7365","T-EGCC217","C172","G-BOIL",1618579745,"","","",1,448,"GBOIL",0,""
"",52.37,13.52,188,0,1,"1000","T-EDDB33","GL7T","",1618579744,"","","",1,0,"GL7T",0,""
"3C83A3",48.68,9.21,0,0,0,"0000","T-EDDS611","","",1618579743,"STR","","",1,0,"",0,""
"3D34F5",52.17,5.15,346,0,0,"7000","T-EHSB157","","D-ESHP",1618579666,"DHR","","",1,0,"DESHP",0,""
"392AFB",49.00,2.57,186,0,0,"0000","F-LFPG1","","",1618579674,"CDG","","",1,0,"",0,""
"4067C6",53.34,-2.54,76,0,47,"7366","F-EGNR1","EFOX","G-CHHJ",1618579701,"","","",1,0,"GCHHJ",0,""
"3C4B29",50.04,8.56,15,0,0,"2000","F-EDDF6","B748","D-ABYI",1618579736,"FRA","","LH9920",1,0,"DLH9920",0,"DLH"
"3C4DCE",50.04,8.58,70,0,36,"1000","F-EDDF6","CRJ9","D-ACNN",1618579745,"LJU","FRA","LH1459",1,0,"DLH9CW",0,"DLH"
"4402E6",52.24,6.04,85,0,71,"7000","T-EHLE165","SC7","OE-FDN",1618579670,"","","",1,-640,"OEFDN",0,""
"",51.23,6.49,333,0,0,"5733","F-EDLN2","C525","",1618579738,"","","",1,0,"C525",0,""
"392B3B",49.01,2.55,56,0,0,"0000","T-LFPI107","","",1618579742,"CDG","","",1,0,"",0,""
"4074F4",50.90,4.46,334,0,5,"1000","T-EBBR141","B752","G-DHKR",1618579732,"MXP","BRU","D0203",1,0,"BCS203",0,"DHK"
"400D78",50.83,-0.30,136,0,0,"7000","F-EGKA3","P28A","G-CHIP",1618579745,"ESH","","",1,0,"GCHIP",0,""
"A8C006",52.29,4.76,180,0,0,"2000","T-EHAM462","B763","N663GT",1618579739,"AMS","","",1,0,"",0,"GTI"
"402F2F",51.67,-2.06,270,0,2,"7000","F-EGVA1","P28A","G-XAVI",1618579745,"GBA","","",1,0,"GXAVI",0,""
"02A1A3",49.00,2.58,84,0,1,"7621","T-LFPI107","A320","TS-IND",1618579732,"CDG","TUN","BJ743",1,0,"LBT743",0,"LBT"
"4076C9",51.59,-0.51,56,0,34,"7000","F-EGLL2","R66","G-HKPC",1618579663,"NHT","","",1,-640,"GHKPC",0,""
"3C5462",50.04,8.58,250,0,25,"1000","F-EDDF6","E190","D-AECB",1618579742,"ZRH","FRA","LH1191",1,0,"DLH6C",0,"DLH"
"401612",52.04,-1.11,225,0,94,"7000","T-EGXJ24","C150","G-ASZB",1618579722,"","","",1,0,"GASZB",0,""
"39E4D2",48.73,2.36,89,0,0,"2000","T-LFPN31","A320","F-HZGS",1618579744,"ORY","CLY","XK761",1,0,"CCM761E",0,"CCM"
"3D115C",53.51,8.05,14,0,7,"7000","F-EDWI2","A210","D-EEVC",1618579745,"WVN","","",1,0,"DEEVC",0,""
"4481BE",50.90,4.48,73,0,12,"0000","T-EBBR355","","",1618579670,"BRU","","",1,0,"SUPP390",0,""
"400D74",50.85,-0.75,320,0,61,"7000","T-EGKK127","C172","G-AWUZ",1618579733,"ESH","","",1,-704,"GAWUZ",0,""
"407070",53.47,-2.39,263,0,46,"7000","T-EGCC288","C42","G-CJDA",1618579711,"","","",1,-384,"GCJDA",0,""
"406D79",51.47,-0.48,210,0,3,"2000","F-EGLL2","B789","G-ZBKC",1618579743,"LHR","","",1,0,"GZBKC",0,"BAW"
"39CD82",50.96,1.93,61,0,86,"1000","F-LFQT1","TBM7","F-HTMC",1618579669,"TNF","","",1,-576,"FHTMC",0,""
"40755C",51.83,-1.32,11,0,67,"4502","F-EGTK3","S22T","G-KOKO",1618579745,"","","",1,-576,"GKOKO",0,""
"89620C",50.90,5.76,213,0,20,"3170","T-EHBK49","B77W","A6-EGK",1618579744,"MST","OSL","EK9752",1,0,"UAE9752",0,"UAE"
"48444E",52.45,5.51,148,0,0,"7000","F-EHLE2","C172","PH-WVO",1618579744,"LEY","","",1,0,"PHWVO",0,""
"406D7A",51.47,-0.48,206,0,0,"2000","F-EGLL2","B789","G-ZBKD",1618579744,"LHR","","",1,0,"GZBKD",0,"BAW"
"4071A9",51.46,-3.14,12,0,40,"2150","F-EGFF4","EC45","G-WROL",1618579745,"","","RHD58",1,-576,"RHD58",0,"RHD"
"49D03C",51.27,-0.79,241,0,14,"0503","F-EGLF2","BE20","OK-MAG",1618579744,"FAB","","",1,0,"OKMAG",0,""
"",51.32,0.03,89,0,0,"7546","F-EGLC3","E550","",1618579740,"","","",1,0,"E550",0,""
"392AF0",49.01,2.59,267,0,22,"1000","F-LFPG1","A320","F-GKXQ",1618579743,"AGP","CDG","AF9421",1,0,"AFR96EU",0,"AFR"
"471F4C",51.52,7.62,59,0,57,"3110","F-EDLW1","A320","HA-LWE",1618579745,"OTP","DTM","W63091",1,0,"WZZ68VK",0,"WZZ"
"484966",52.31,4.77,272,0,23,"1000","F-EHAM1","B737","PH-BGG",1618579741,"KBP","AMS","KL1386",1,0,"KLM1386",0,"KLM"
"3C70C1",50.03,8.54,81,0,3,"7640","F-EDDF6","B77L","D-ALFA",1618579744,"FRA","PVG","LH8400",1,0,"GEC8400",0,"GEC"
"A36110",51.46,-0.49,191,0,0,"7216","F-EGLL2","B763","N317CM",1618579726,"LHR","","GB984",1,0,"ABX984",0,"ABX"
"486258",52.31,4.74,329,0,6,"1000","F-EHAM1","E295","PH-NXB",1618579743,"AMS","BER","KL1829",1,0,"KLM1829",0,"KLM"
"392ADB",49.02,2.55,271,0,0,"0000","T-LFPV15","","",1618579676,"CDG","","",1,0,"",0,""
"8964A2",50.90,4.49,194,0,13,"7106","T-EBBR120","B77W","A6-EQJ",1618579731,"BRU","DXB","EK184",1,0,"UAE184",0,"UAE"
"3D2AB0",52.47,9.43,81,0,0,"7000","T-EDLI94","A210","D-EOKM",1618579738,"HAJ","","",1,0,"DEOKM",0,""
"392AEA",48.73,2.35,230,0,0,"0000","T-LFPV15","A320","F-GKXK",1618579737,"ORY","","",1,0,"FGKXK",0,"AFR"
"4403BB",48.72,2.37,292,0,0,"1000","T-LFPV15","A320","OE-ICB",1618579739,"ORY","TLS","U24031",1,0,"EJU4031",0,"EZY"
"46B8A1",52.30,4.75,57,0,110,"1000","F-EHAM1","A20N","SX-NEA",1618579738,"ATH","AMS","A3626",0,-576,"AEE626",0,"AEE"
"44814A",50.91,4.48,110,0,0,"0000","T-EBBR361","","",1618579745,"BRU","","",1,0,"WINT071",0,""
"405BFD",51.47,-0.49,270,0,2,"5225","F-EGLL2","B772","G-YMMT",1618579745,"LHR","ACC","BA81",1,0,"BAW81",0,"BAW"
"4076E3",51.47,-0.46,39,0,14,"6754","F-EGLL2","A21N","G-NEOU",1618579736,"NCE","LHR","BA347",1,0,"BAW347",0,"BAW"
"402EA4",51.89,-2.16,111,0,0,"7000","F-EGBJ2","P28A","G-SHED",1618579745,"","","",1,0,"GSHED",0,""
"3C66A1",50.05,8.57,180,0,0,"1000","F-EDDF6","A320","D-AIUA",1618579670,"FCO","FRA","LH233",1,0,"DLH5HH",0,"DLH"
"407227",52.83,-1.34,337,0,0,"7000","T-EGNX159","T6","G-CORS",1618579740,"EMA","","",1,0,"GCORS",0,""
"45B0E9",51.28,-0.78,123,0,1,"6316","F-EGLF1","GLEX","OY-LGI",1618579745,"FAB","","",1,0,"VMP933",0,"VMP"
"4240E6",52.31,4.78,315,0,15,"2126","F-EHAM3","B744","VP-BIK",1618579744,"AMS","MAD","RU9391",1,0,"ABW9391",0,"ABW"
"43C208",51.74,-1.60,284,0,6,"3741","F-EGVN1","C17","ZZ178",1618579744,"BZZ","","",1,0,"RRR818",0,"RFR"
"484818",52.44,5.50,48,0,0,"7000","T-EHKD113","TAMP","PH-FCH",1618579743,"LEY","","",1,0,"PHFCH",0,"AIS"
"471F38",51.88,-0.36,70,0,13,"5733","T-EGGW179","A21N","HA-LVK",1618579720,"MXP","LTN","W65503",1,0,"WZZ84",0,"WZZ"
"4D02AF",49.62,6.19,271,0,0,"3505","F-ELLX3","PC12","LX-JFU",1618579745,"LUX","LYX","",1,0,"JFA26A",0,"JFA"
"48436A",52.31,4.74,317,0,5,"2127","F-EHAM3","B772","PH-BQC",1618579745,"AMS","CUR","KL735",1,0,"KLM129",0,"KLM"
"3C5EE7",51.29,6.77,180,0,0,"1047","T-EDLE10","A319","D-AGWG",1618579738,"PMI","DUS","EW9593",1,0,"EWG3EF",0,"EWG"
"4D0012",49.62,6.20,271,0,1,"0000","T-ELLX2","","",1618579725,"LUX","","",1,0,"",0,""
"",51.88,-0.38,312,0,0,"0000","T-EGXU20","GLEX","",1618579744,"","","",1,0,"GLEX",0,""
"44CE77",50.90,4.49,193,0,8,"2000","T-EBBR355","A319","OO-SSW",1618579744,"BRU","","",1,0,"",0,"BEL"
"02A192",48.73,2.34,61,0,51,"1000","T-LFPV15","A320","TS-IMS",1618579739,"TUN","ORY","TU722",1,0,"TAR722",0,"TAR"
"06A07C",51.20,2.90,190,0,0,"4425","T-EBOS39","B77W","A7-BAP",1618579742,"OST","PIT","QR8851",1,0,"QTR8851",0,"QTR"
}